 ,"Total Deaths,with vaccinations",Vaccination Coverage,Deaths Averted by Vaccinations,"Deaths Averted by Vaccinations Per 10k People","Deaths Averted by Vaccinations Per 10k Vaccines",Notes:
Worldwide,"5,469,000 (5,339,000 - 5,613,000)",38.3%,"14,400,000 (13,650,000 - 15,900,000)",22.81 (21.63 - 25.18),25.99 (24.64 - 28.69),
by Income-Group:,,,,,,
   HIC,"1,956,000 (1,892,000 - 2,032,000)",68.8%,"6,353,000 (6,105,000 - 6,604,000)",52.6 (50.54 - 54.67),36.67 (35.23 - 38.11),
   UMIC,"2,287,000 (2,220,000 - 2,355,000)",50.1%,"2,914,000 (2,785,000 - 3,047,000)",25.6 (24.47 - 26.77),23.36 (22.33 - 24.43),
   LMIC,"1,188,000 (1,099,000 - 1,302,000)",29.8%,"5,083,000 (4,379,000 - 6,628,000)",15.27 (13.16 - 19.91),20.39 (17.57 - 26.59),
   LIC,"36,520 (33,390 - 40,410)",3.57%,"20,380 (17,680 - 23,870)",0.3188 (0.2766 - 0.3733),2.965 (2.572 - 3.472),
by WHO-Region:,,,,,,
   AFR,"153,800 (145,100 - 164,700)",5.48%,"97,190 (88,420 - 107,400)",0.8677 (0.7894 - 0.9589),5.958 (5.42 - 6.584),
   AMR,"2,492,000 (2,418,000 - 2,576,000)",58.3%,"3,813,000 (3,624,000 - 3,987,000)",37.46 (35.6 - 39.17),29.28 (27.83 - 30.62),
   EMR,"318,700 (307,200 - 331,500)",28.1%,"639,200 (581,600 - 707,700)",8.746 (7.958 - 9.684),13.5 (12.28 - 14.95),
   EUR,"1,628,000 (1,589,000 - 1,673,000)",56.5%,"4,334,000 (4,214,000 - 4,487,000)",46.77 (45.48 - 48.42),39.52 (38.43 - 40.92),
   SEAR,"713,800 (635,900 - 807,000)",35.4%,"3,913,000 (3,234,000 - 5,491,000)",19.61 (16.21 - 27.52),21.63 (17.88 - 30.36),
   WPR,"149,000 (120,100 - 234,400)",62.4%,"1,574,000 (1,267,000 - 1,839,000)",30.14 (24.26 - 35.21),22.58 (18.18 - 26.38),
by Country/Admin Region:,,,,,,
   Afghanistan,"6,520 (5,520 - 8,450)",8.79%,"5,290 (4,060 - 6,990)",1.36 (1.044 - 1.796),7.346 (5.64 - 9.7),
   Angola,"1,680 (1,280 - 2,320)",9.74%,"2,280 (1,590 - 3,470)",0.6945 (0.4834 - 1.057),2.306 (1.605 - 3.509),
   Albania,"3,210 (2,960 - 3,580)",34.2%,"4,110 (3,050 - 5,420)",14.29 (10.59 - 18.82),19.79 (14.66 - 26.07),
   United Arab Emirates,"2,200 (1,870 - 2,580)",89.9%,"18,210 (16,930 - 19,990)",18.41 (17.12 - 20.21),9.751 (9.067 - 10.7),
   Argentina,"123,300 (112,700 - 134,600)",67.2%,"104,700 (84,010 - 148,900)",23.17 (18.59 - 32.94),15.58 (12.5 - 22.16),
   Armenia,"8,050 (7,520 - 8,930)",18.2%,"3,290 (2,720 - 3,750)",11.09 (9.166 - 12.65),23.75 (19.63 - 27.08),
   Antigua & Barbuda,140 (100 - 220),58.4%,380 (290 - 570),38.67 (29.68 - 58.08),31.98 (24.54 - 48.03),
   Australia,"2,230 (1,210 - 6,070)",74.3%,"47,860 (30,740 - 66,240)",18.77 (12.06 - 25.98),12.31 (7.908 - 17.04),
   Austria,"13,570 (12,350 - 14,810)",63.6%,"41,730 (37,020 - 47,110)",46.34 (41.1 - 52.3),35.32 (31.33 - 39.87),
   Azerbaijan,"8,280 (7,790 - 8,950)",45%,"27,250 (24,020 - 30,840)",26.87 (23.69 - 30.42),28.3 (24.95 - 32.03),
   Burundi,"10 (1 - 1,010)",0.01%,0 (0 - 0),0.0000000000005049 (0 - 0.0000000006306),0.000000001836 (0 - 0.000002293), Deaths averted by Vaccinations rounded to nearest individual yielding 0 deaths averted. Deaths averted per 10K people and 10K vaccines has not been rounded.
   Belgium,"28,180 (26,640 - 29,710)",75.3%,"124,800 (106,500 - 147,300)",107.7 (91.86 - 127.1),71 (60.58 - 83.82),
   Benin,170 (110 - 490),6.84%,20 (8 - 50),0.01559 (0.006241 - 0.04345),0.102 (0.04081 - 0.2841),
   Burkina Faso,300 (190 - 540),1.54%,50 (20 - 140),0.02625 (0.01157 - 0.06726),0.7297 (0.3216 - 1.87),
   Bangladesh,"26,440 (21,480 - 31,650)",23.8%,"21,630 (15,380 - 32,780)",1.314 (0.9336 - 1.991),2.078 (1.477 - 3.149),
   Bulgaria,"29,500 (27,010 - 32,320)",26.4%,"18,570 (15,520 - 21,200)",26.73 (22.34 - 30.5),49.46 (41.35 - 56.46),
   Bahrain,"1,520 (1,260 - 1,780)",66.6%,"3,430 (3,020 - 3,880)",20.15 (17.75 - 22.79),14.96 (13.18 - 16.91),
   Bahamas,720 (630 - 810),36%,"980 (820 - 1,160)",24.85 (20.95 - 29.47),33.28 (28.06 - 39.46),
   Bosnia & Herzegovina,"13,060 (12,160 - 14,010)",23.6%,"6,420 (5,380 - 7,100)",19.57 (16.4 - 21.63),38.42 (32.2 - 42.46),
   Belarus,"5,480 (5,030 - 5,960)",31.1%,"3,350 (2,740 - 4,460)",3.54 (2.902 - 4.717),4.873 (3.994 - 6.492),
   Belize,620 (550 - 730),48.5%,"930 (820 - 1,030)",23.42 (20.67 - 25.94),22.3 (19.68 - 24.7),
   Bolivia,"19,540 (18,080 - 21,290)",36.3%,"10,540 (8,290 - 13,180)",9.031 (7.103 - 11.29),11.28 (8.874 - 14.11),
   Brazil,"638,400 (594,600 - 681,500)",64.6%,"884,800 (800,000 - 954,500)",41.63 (37.64 - 44.9),29.39 (26.58 - 31.71),
   Barbados,260 (210 - 340),48.3%,"950 (730 - 1,200)",33.18 (25.44 - 41.74),32.57 (24.97 - 40.97),
   Brunei,100 (60 - 150),82.1%,"950 (410 - 1,690)",21.75 (9.388 - 38.58),12.52 (5.404 - 22.21),
   Bhutan,2 (0 - 10),72.4%,"970 (5 - 7,280)",12.53 (0.07109 - 94.29),8.464 (0.04804 - 63.71),
   Botswana,"2,410 (2,030 - 2,820)",30.4%,"1,950 (1,410 - 2,340)",8.307 (5.977 - 9.932),11.59 (8.338 - 13.86),
   Central African Republic,100 (40 - 380),7.11%,5 (0 - 210),0.01122 (0.0004969 - 0.4407),0.07478 (0.003312 - 2.938), Deaths averted by Vaccinations rounded to nearest individual yielding 0 deaths averted. Deaths averted per 10K people and 10K vaccines has not been rounded.
   Canada,"28,010 (25,890 - 32,990)",76.6%,"310,400 (279,600 - 364,700)",82.23 (74.07 - 96.64),52.09 (46.92 - 61.22),
   Switzerland,"12,410 (11,310 - 13,890)",65.9%,"27,150 (23,580 - 30,520)",31.38 (27.25 - 35.26),23.5 (20.41 - 26.41),
   Chile,"39,610 (37,370 - 42,920)",84.7%,"108,100 (94,170 - 121,800)",56.54 (49.26 - 63.71),32.71 (28.5 - 36.85),
   Côte d’Ivoire,"720 (410 - 1,530)",5.36%,"940 (430 - 2,050)",0.3558 (0.1619 - 0.7756),2.07 (0.9421 - 4.512),
   Cameroon,"1,840 (1,380 - 2,430)",2.26%,520 (300 - 830),0.1945 (0.1124 - 0.3135),3.747 (2.165 - 6.037),
   Congo - Kinshasa,"980 (680 - 1,340)",0.0733%,2 (1 - 3),0.0001758 (0.00009646 - 0.000342),0.06762 (0.0371 - 0.1315),
   Congo - Brazzaville,380 (230 - 680),2.38%,"420 (200 - 1,030)",0.757 (0.3598 - 1.869),6.291 (2.991 - 15.53),
   Colombia,"132,300 (122,800 - 142,900)",50.2%,"90,430 (73,970 - 110,600)",17.77 (14.54 - 21.74),14.7 (12.02 - 17.98),
   Comoros,150 (110 - 230),27.5%,"420 (50 - 1,550)",4.797 (0.576 - 17.88),8.095 (0.9721 - 30.17),
   Cape Verde,370 (310 - 430),44.9%,"930 (550 - 1,400)",16.77 (9.976 - 25.24),17.04 (10.14 - 25.66),
   Costa Rica,"7,690 (7,110 - 8,200)",64.3%,"20,580 (18,050 - 22,450)",40.4 (35.44 - 44.07),28.79 (25.25 - 31.4),
   Cuba,"8,810 (6,140 - 11,920)",82.5%,"35,720 (23,830 - 74,060)",31.54 (21.04 - 65.39),18.27 (12.19 - 37.87),
   Cyprus,600 (530 - 730),65.9%,"4,450 (3,860 - 5,100)",36.89 (32 - 42.25),27.06 (23.47 - 30.98),
   Czechia,"37,160 (33,340 - 39,830)",60.2%,"68,930 (60,210 - 76,070)",64.37 (56.22 - 71.03),52.33 (45.71 - 57.75),
   Germany,"100,100 (92,830 - 107,200)",68.8%,"646,600 (605,500 - 697,300)",77.17 (72.27 - 83.23),54.87 (51.39 - 59.18),
   Djibouti,180 (120 - 280),6.58%,50 (20 - 100),0.4595 (0.2036 - 1.059),2.819 (1.249 - 6.495),
   Denmark,"3,210 (2,790 - 3,680)",76.8%,"24,520 (21,630 - 27,890)",42.33 (37.35 - 48.15),27.08 (23.89 - 30.81),
   Dominican Republic,"4,370 (4,050 - 4,800)",51.5%,"6,400 (4,410 - 8,810)",5.902 (4.069 - 8.125),5.155 (3.554 - 7.096),
   Algeria,"6,190 (5,290 - 7,330)",12.3%,"4,150 (3,180 - 5,440)",0.9461 (0.7263 - 1.241),3.393 (2.605 - 4.452),
   Ecuador,"33,440 (31,770 - 35,410)",65.7%,"43,470 (35,370 - 52,700)",24.64 (20.05 - 29.87),17.17 (13.97 - 20.81),
   Egypt,"21,280 (16,680 - 24,150)",16.4%,"20,480 (12,850 - 36,340)",2.001 (1.256 - 3.551),4.563 (2.864 - 8.097),
   Eritrea,70 (30 - 170),0%,0 (0 - 0),0 (0 - 0),, No vaccinations given in country over period modelled. Deaths averted by Vaccinations rounded to nearest individual yielding 0 deaths averted. Deaths averted per 10K people and 10K vaccines has not been rounded.
   Spain,"85,520 (78,690 - 94,590)",80.6%,"244,800 (219,600 - 258,600)",52.37 (46.96 - 55.31),32.14 (28.83 - 33.95),
   Estonia,"1,740 (1,590 - 1,960)",60.1%,"7,540 (6,660 - 8,450)",56.88 (50.23 - 63.67),46.27 (40.87 - 51.8),
   Ethiopia,"6,620 (4,890 - 8,870)",1.23%,"2,150 (1,460 - 3,320)",0.1868 (0.1272 - 0.2891),2.143 (1.459 - 3.315),
   Finland,"1,540 (1,170 - 2,090)",73.4%,"30,370 (21,850 - 41,120)",54.81 (39.44 - 74.22),36.43 (26.21 - 49.33),
   Fiji,"670 (460 - 1,370)",65.6%,"3,850 (3,170 - 4,700)",42.92 (35.33 - 52.46),31.03 (25.55 - 37.93),
   France,"124,000 (116,500 - 149,700)",70.8%,"571,100 (535,700 - 608,600)",87.5 (82.08 - 93.24),58.82 (55.18 - 62.69),
   Gabon,320 (230 - 440),6.84%,240 (140 - 400),1.076 (0.6107 - 1.781),6.868 (3.896 - 11.36),
   United Kingdom,"143,900 (134,800 - 156,100)",68.4%,"427,900 (397,600 - 494,700)",63.03 (58.56 - 72.87),43.95 (40.83 - 50.81),
   Georgia,"12,980 (11,950 - 14,170)",26%,"11,340 (9,640 - 13,510)",28.42 (24.17 - 33.88),49.69 (42.26 - 59.22),
   Ghana,"1,360 (1,010 - 1,890)",4.17%,"1,270 (660 - 3,710)",0.408 (0.2114 - 1.193),3.256 (1.687 - 9.522),
   Guinea,370 (250 - 580),6.04%,300 (160 - 600),0.228 (0.1242 - 0.4597),1.232 (0.671 - 2.483),
   Gambia,300 (240 - 430),9.15%,260 (190 - 360),1.057 (0.7782 - 1.497),5.605 (4.126 - 7.936),
   Guinea-Bissau,170 (90 - 300),1.02%,70 (30 - 140),0.3378 (0.1496 - 0.6915),1.722 (0.763 - 3.526),
   Equatorial Guinea,210 (120 - 310),13.7%,"670 (300 - 1,100)",4.808 (2.168 - 7.809),15.57 (7.02 - 25.29),
   Greece,"19,270 (17,740 - 21,760)",64.7%,"66,730 (60,560 - 72,900)",64.02 (58.1 - 69.95),47.78 (43.36 - 52.19),
   Grenada,220 (100 - 360),30.8%,440 (260 - 780),39 (23.07 - 69.11),58.24 (34.45 - 103.2),
   Guatemala,"16,530 (15,020 - 17,800)",23.4%,"19,200 (15,910 - 21,980)",10.72 (8.881 - 12.27),18.72 (15.51 - 21.43),
   Guyana,"1,090 (1,000 - 1,250)",35.9%,"2,260 (1,980 - 2,460)",28.74 (25.13 - 31.31),33 (28.85 - 35.95),
   Hong Kong SAR China,220 (130 - 350),60.4%,"99,870 (390 - 183,700)",133.2 (0.5211 - 245),107.6 (0.4208 - 197.9),
   Honduras,"11,140 (10,350 - 11,960)",38.8%,"10,010 (7,840 - 11,500)",10.11 (7.92 - 11.61),12.02 (9.421 - 13.81),
   Croatia,"12,400 (11,060 - 13,470)",47.3%,"19,880 (17,220 - 22,470)",48.42 (41.94 - 54.73),47.63 (41.25 - 53.84),
   Haiti,"750 (510 - 1,000)",0.601%,30 (10 - 40),0.02252 (0.01175 - 0.0392),1.378 (0.7185 - 2.397),
   Hungary,"37,600 (34,880 - 40,120)",61%,"44,240 (36,410 - 49,600)",45.8 (37.69 - 51.35),36.62 (30.14 - 41.05),
   Indonesia,"150,300 (129,900 - 178,400)",36.4%,"215,000 (180,500 - 260,500)",7.859 (6.6 - 9.524),8.893 (7.468 - 10.78),
   India,"460,000 (394,200 - 531,100)",35.3%,"3,422,000 (2,749,000 - 4,884,000)",24.8 (19.92 - 35.39),26.58 (21.35 - 37.94),
   Ireland,"5,570 (5,180 - 6,280)",76.8%,"32,410 (28,590 - 35,740)",65.64 (57.9 - 72.38),42.38 (37.39 - 46.74),
   Iran,"133,500 (124,700 - 142,600)",57.1%,"201,000 (161,900 - 249,900)",23.93 (19.27 - 29.75),19.04 (15.33 - 23.67),
   Iraq,"25,290 (22,950 - 27,410)",12.2%,"13,760 (10,590 - 19,550)",3.422 (2.632 - 4.861),10.92 (8.396 - 15.51),
   Iceland,30 (30 - 50),76.5%,"950 (510 - 1,970)",27.75 (14.96 - 57.67),18 (9.707 - 37.41),
   Israel,"8,120 (7,610 - 8,910)",62.4%,"33,070 (29,750 - 38,950)",38.21 (34.37 - 45),29.09 (26.17 - 34.26),
   Italy,"142,300 (132,200 - 153,500)",73.3%,"372,100 (338,300 - 484,100)",61.54 (55.96 - 80.07),40.48 (36.81 - 52.67),
   Jamaica,"2,410 (2,160 - 2,750)",17.8%,"1,980 (1,540 - 2,280)",6.686 (5.185 - 7.683),16.34 (12.67 - 18.77),
   Jordan,"12,860 (11,740 - 14,200)",37%,"21,900 (20,630 - 23,600)",21.46 (20.22 - 23.13),27.53 (25.93 - 29.67),
   Japan,"18,000 (13,930 - 21,810)",77.7%,"33,390 (24,950 - 45,840)",2.64 (1.973 - 3.625),1.681 (1.257 - 2.309),
   Kazakhstan,"19,800 (18,130 - 21,610)",43.3%,"39,130 (34,180 - 45,540)",20.84 (18.21 - 24.25),23.24 (20.31 - 27.05),
   Kenya,"5,340 (4,520 - 6,420)",5.67%,"3,120 (2,460 - 3,970)",0.5804 (0.4582 - 0.7379),3.856 (3.044 - 4.903),
   Kyrgyzstan,"2,970 (2,560 - 3,310)",14%,550 (400 - 700),0.8376 (0.6097 - 1.077),2.668 (1.942 - 3.429),
   Cambodia,"2,730 (2,090 - 3,390)",79.8%,"66,680 (61,160 - 77,390)",39.88 (36.58 - 46.29),24.39 (22.37 - 28.31),
   South Korea,"3,830 (3,050 - 4,870)",81.1%,"427,400 (362,600 - 557,600)",83.36 (70.73 - 108.8),50.62 (42.95 - 66.06),
   Kuwait,"2,640 (2,310 - 2,880)",73.4%,"7,750 (6,430 - 9,230)",18.14 (15.07 - 21.62),12.1 (10.05 - 14.42),
   Laos,280 (130 - 800),44.7%,"36,450 (30,640 - 45,490)",50.1 (42.12 - 62.52),50.28 (42.27 - 62.75),
   Lebanon,"9,030 (8,190 - 9,980)",25.5%,"12,840 (11,010 - 16,410)",18.82 (16.13 - 24.04),34.31 (29.4 - 43.83),
   Liberia,290 (200 - 480),11.1%,130 (80 - 250),0.2581 (0.1501 - 0.4984),1.132 (0.6581 - 2.186),
   Libya,"5,680 (5,110 - 6,210)",10.4%,"6,800 (5,490 - 8,510)",9.898 (7.988 - 12.39),27.82 (22.45 - 34.81),
   St. Lucia,310 (260 - 360),25.7%,370 (320 - 420),20.31 (17.6 - 23),36.59 (31.7 - 41.42),
   Sri Lanka,"14,310 (11,620 - 17,840)",64.1%,"92,440 (76,760 - 107,500)",43.17 (35.85 - 50.18),31.23 (25.93 - 36.3),
   Lesotho,680 (480 - 870),28.6%,"1,000 (520 - 1,480)",4.674 (2.406 - 6.895),8.106 (4.173 - 11.96),
   Lithuania,"7,050 (6,360 - 7,730)",66.9%,"20,280 (18,400 - 22,040)",74.48 (67.59 - 80.97),54.37 (49.34 - 59.1),
   Luxembourg,"950 (860 - 1,070)",67.7%,"3,530 (2,740 - 5,280)",56.4 (43.78 - 84.37),40.61 (31.52 - 60.75),
   Latvia,"4,310 (3,950 - 4,710)",65.4%,"13,710 (12,140 - 15,140)",72.68 (64.35 - 80.27),54.03 (47.84 - 59.67),
   Morocco,"15,630 (13,520 - 17,910)",61.2%,"165,000 (135,300 - 194,800)",44.71 (36.65 - 52.78),35.23 (28.88 - 41.59),
   Moldova,"8,980 (8,390 - 9,610)",23.6%,"7,170 (5,900 - 7,960)",17.78 (14.62 - 19.74),36.86 (30.31 - 40.91),
   Madagascar,"910 (640 - 1,450)",1.95%,20 (10 - 50),0.007582 (0.004131 - 0.01654),0.1859 (0.1013 - 0.4057),
   Maldives,270 (210 - 350),67.2%,"1,810 (1,470 - 2,250)",33.51 (27.24 - 41.7),23.93 (19.45 - 29.78),
   Mexico,"302,400 (285,700 - 322,700)",50.3%,"290,900 (244,100 - 314,500)",22.56 (18.93 - 24.39),20.36 (17.08 - 22.01),
   North Macedonia,"7,870 (7,350 - 8,560)",38.5%,"7,880 (6,660 - 9,330)",37.8 (31.97 - 44.79),48.1 (40.67 - 56.98),
   Mali,640 (450 - 900),1.6%,110 (60 - 190),0.05305 (0.02719 - 0.09438),0.9573 (0.4906 - 1.703),
   Malta,470 (400 - 530),84%,"4,750 (2,880 - 8,380)",107.6 (65.16 - 189.8),63.85 (38.66 - 112.6),
   Myanmar (Burma),"21,970 (15,160 - 34,130)",23.2%,"21,890 (16,720 - 29,930)",4.024 (3.073 - 5.501),7.114 (5.432 - 9.726),
   Montenegro,"2,450 (2,200 - 2,640)",41.6%,"2,020 (1,820 - 2,450)",32.2 (28.9 - 38.96),37.46 (33.63 - 45.33),
   Mongolia,"2,190 (1,690 - 2,940)",64.7%,"11,430 (10,930 - 12,320)",34.86 (33.33 - 37.57),26.27 (25.12 - 28.32),
   Mozambique,"1,870 (1,240 - 2,750)",13.3%,580 (370 - 980),0.185 (0.1168 - 0.3139),0.5385 (0.3401 - 0.9137),
   Mauritania,"910 (740 - 1,090)",14.6%,"1,000 (590 - 1,870)",2.148 (1.276 - 4.017),5.712 (3.392 - 10.68),
   Mauritius,"820 (310 - 1,870)",70.3%,"5,970 (5,250 - 8,140)",46.97 (41.3 - 64.03),33.01 (29.03 - 45),
   Malawi,"2,310 (1,560 - 3,120)",3.17%,"2,100 (1,390 - 3,140)",1.095 (0.7257 - 1.643),11.69 (7.745 - 17.54),
   Malaysia,"32,450 (28,330 - 36,460)",77.9%,"152,700 (137,900 - 178,700)",47.19 (42.61 - 55.22),30.05 (27.13 - 35.16),
   Namibia,"3,800 (3,350 - 4,330)",12%,"1,940 (1,530 - 2,220)",7.648 (6.006 - 8.731),28.96 (22.75 - 33.07),
   Niger,290 (160 - 490),2.35%,180 (60 - 800),0.07514 (0.02523 - 0.3318),1.439 (0.4831 - 6.352),
   Nigeria,"3,240 (2,310 - 4,380)",1.82%,"1,210 (720 - 1,990)",0.05879 (0.03511 - 0.09658),1.114 (0.6654 - 1.83),
   Nicaragua,210 (120 - 330),37.3%,30 (10 - 100),0.05072 (0.02246 - 0.1512),0.04973 (0.02202 - 0.1483),
   Netherlands,"22,040 (19,850 - 24,040)",70.6%,"91,030 (79,700 - 103,200)",53.13 (46.51 - 60.21),35.9 (31.43 - 40.68),
   Norway,"1,210 (990 - 1,510)",70.9%,"23,810 (21,240 - 27,670)",43.92 (39.17 - 51.04),29.51 (26.32 - 34.29),
   Nepal,"12,040 (10,290 - 14,220)",29.9%,"13,410 (11,010 - 15,910)",4.604 (3.777 - 5.46),6.985 (5.731 - 8.284),
   New Zealand,"60 (30 - 1,190)",72.6%,"3,650 (540 - 37,260)",7.565 (1.13 - 77.27),5.062 (0.7561 - 51.7),
   Oman,"4,330 (3,980 - 4,890)",54.7%,"4,790 (3,950 - 6,310)",9.384 (7.737 - 12.36),8.211 (6.77 - 10.82),
   Pakistan,"28,830 (24,260 - 34,700)",24.2%,"27,370 (19,040 - 55,720)",1.239 (0.8618 - 2.522),2.025 (1.409 - 4.124),
   Panama,"7,660 (7,210 - 8,370)",55.7%,"8,580 (7,400 - 11,900)",19.88 (17.14 - 27.57),15.97 (13.77 - 22.15),
   Peru,"203,900 (193,700 - 215,700)",58.7%,"43,840 (30,750 - 52,010)",13.29 (9.327 - 15.77),10.37 (7.275 - 12.3),
   Philippines,"51,020 (44,700 - 58,080)",35.6%,"237,300 (186,800 - 270,200)",21.66 (17.05 - 24.65),25.13 (19.78 - 28.61),
   Papua New Guinea,"600 (290 - 1,080)",2.29%,360 (190 - 890),0.3991 (0.2077 - 0.9948),7.48 (3.893 - 18.65),
   Poland,"86,040 (79,440 - 94,730)",54.5%,"211,000 (195,200 - 236,700)",55.74 (51.59 - 62.54),50.54 (46.77 - 56.7),
   Portugal,"18,790 (16,950 - 20,420)",88.7%,"65,750 (57,620 - 72,870)",64.48 (56.51 - 71.47),36.05 (31.6 - 39.96),
   Paraguay,"17,510 (15,770 - 19,690)",38.1%,"11,470 (9,070 - 12,820)",16.08 (12.71 - 17.98),18.85 (14.9 - 21.07),
   Palestinian Territories,"4,580 (4,250 - 5,070)",27.1%,"8,580 (7,790 - 9,430)",16.81 (15.27 - 18.49),25.53 (23.19 - 28.07),
   Qatar,"680 (520 - 1,020)",75.7%,"13,730 (7,980 - 18,280)",47.64 (27.69 - 63.44),30.49 (17.72 - 40.61),
   Romania,"58,430 (53,120 - 63,680)",36.6%,"64,300 (54,540 - 70,640)",33.42 (28.35 - 36.72),45.71 (38.77 - 50.21),
   Russia,"293,900 (269,400 - 312,400)",40.8%,"465,000 (398,900 - 527,500)",31.87 (27.33 - 36.14),36.23 (31.08 - 41.1),
   Rwanda,"1,330 (900 - 2,490)",31.6%,"3,380 (2,170 - 5,320)",2.606 (1.676 - 4.108),3.261 (2.098 - 5.14),
   Saudi Arabia,"9,100 (7,940 - 9,790)",64.3%,"82,130 (76,300 - 95,180)",23.59 (21.92 - 27.34),17.57 (16.32 - 20.36),
   Sudan,"3,070 (2,320 - 3,890)",2.75%,540 (320 - 890),0.1228 (0.07395 - 0.2039),1.372 (0.8263 - 2.279),
   Senegal,"1,940 (1,530 - 2,350)",5.43%,"1,400 (1,020 - 1,940)",0.8368 (0.609 - 1.161),6.391 (4.651 - 8.864),
   Singapore,"800 (370 - 1,900)",85.3%,"80,820 (74,120 - 91,000)",138.1 (126.7 - 155.5),80.34 (73.68 - 90.46),
   Sierra Leone,120 (70 - 210),4.52%,20 (6 - 40),0.02294 (0.007773 - 0.05054),0.1725 (0.05846 - 0.3801),
   El Salvador,"3,880 (3,530 - 4,140)",62.9%,"11,410 (9,770 - 13,200)",17.59 (15.06 - 20.36),13.42 (11.48 - 15.52),
   Somalia,"1,330 (970 - 1,790)",4.04%,250 (160 - 350),0.1547 (0.09919 - 0.2209),1.643 (1.053 - 2.346),
   Serbia,"11,690 (10,690 - 13,110)",45.9%,"30,370 (27,240 - 34,680)",34.76 (31.18 - 39.7),37.11 (33.29 - 42.37),
   South Sudan,140 (80 - 240),1.53%,6 (2 - 20),0.005406 (0.001799 - 0.02186),0.1555 (0.05175 - 0.6287),
   São Tomé & Príncipe,70 (50 - 120),21.6%,300 (190 - 540),13.85 (8.519 - 24.87),23.14 (14.24 - 41.55),
   Suriname,"1,290 (1,140 - 1,410)",37.7%,"2,060 (1,930 - 2,160)",35.03 (32.93 - 36.75),43 (40.42 - 45.11),
   Slovakia,"15,280 (14,220 - 16,680)",47.4%,"25,070 (22,820 - 27,820)",45.91 (41.8 - 50.96),47.16 (42.94 - 52.34),
   Slovenia,"5,450 (4,990 - 6,160)",55.9%,"10,200 (9,330 - 11,130)",49.07 (44.88 - 53.51),42.51 (38.87 - 46.35),
   Sweden,"16,490 (15,280 - 18,020)",70.9%,"39,920 (35,420 - 46,330)",39.52 (35.07 - 45.88),27.15 (24.09 - 31.51),
   Eswatini,"1,290 (1,090 - 1,500)",24.1%,"1,280 (1,050 - 1,440)",11.07 (9.054 - 12.43),22.17 (18.13 - 24.89),
   Seychelles,150 (100 - 220),79%,470 (340 - 680),47.68 (34.71 - 69.11),29.43 (21.42 - 42.65),
   Syria,"2,690 (2,110 - 3,190)",4.14%,550 (410 - 790),0.3164 (0.2343 - 0.4533),3.348 (2.478 - 4.795),
   Chad,180 (120 - 290),0.463%,0 (0 - 0),0.00000004508 (0 - 0.000004048),0.000002732 (0 - 0.0002453), Deaths averted by Vaccinations rounded to nearest individual yielding 0 deaths averted. Deaths averted per 10K people and 10K vaccines has not been rounded.
   Togo,270 (150 - 420),9.01%,290 (150 - 570),0.355 (0.18 - 0.6938),1.437 (0.7289 - 2.81),
   Thailand,"22,480 (7,360 - 64,780)",61.7%,"124,600 (87,380 - 194,200)",17.85 (12.52 - 27.82),13.44 (9.421 - 20.94),
   Tajikistan,120 (60 - 730),27%,"5 (0 - 1,860)",0.005441 (0.0001064 - 1.949),0.009093 (0.0001778 - 3.258), Deaths averted by Vaccinations rounded to nearest individual yielding 0 deaths averted. Deaths averted per 10K people and 10K vaccines has not been rounded.
   Timor-Leste,130 (80 - 280),36.7%,"2,030 (1,430 - 2,850)",15.42 (10.85 - 21.59),18.09 (12.72 - 25.32),
   Trinidad & Tobago,"2,350 (2,080 - 2,620)",46.4%,"4,170 (3,490 - 5,110)",29.79 (24.97 - 36.49),31.03 (26.01 - 38.01),
   Tunisia,"26,090 (24,020 - 28,130)",44.3%,"21,670 (17,440 - 25,670)",18.33 (14.76 - 21.72),18.99 (15.29 - 22.5),
   Turkey,"82,640 (75,580 - 88,140)",59.7%,"256,400 (234,500 - 299,000)",30.4 (27.81 - 35.45),24.11 (22.05 - 28.12),
   Taiwan,"890 (250 - 3,680)",61.7%,"340 (70 - 3,140)",0.1446 (0.02862 - 1.32),0.1043 (0.02064 - 0.9521),
   Tanzania,"60 (10 - 1,250)",1.79%,6 (0 - 260),0.001017 (0.0000008714 - 0.04335),0.02282 (0.00001957 - 0.9733), Deaths averted by Vaccinations rounded to nearest individual yielding 0 deaths averted. Deaths averted per 10K people and 10K vaccines has not been rounded.
   Uganda,"2,740 (1,940 - 4,380)",2.7%,"3,220 (2,160 - 4,750)",0.7037 (0.4729 - 1.038),4.314 (2.899 - 6.365),
   Ukraine,"95,250 (85,690 - 108,600)",28%,"67,050 (46,700 - 84,250)",15.33 (10.68 - 19.26),25.49 (17.75 - 32.03),
   Uruguay,"6,540 (5,640 - 7,360)",76.5%,"16,320 (10,240 - 22,910)",46.97 (29.48 - 65.96),30.19 (18.95 - 42.39),
   United States,"863,500 (815,500 - 932,300)",61%,"1,763,000 (1,619,000 - 1,887,000)",53.25 (48.92 - 57.01),40.31 (37.04 - 43.16),
   Uzbekistan,"1,560 (1,220 - 2,080)",31.6%,"4,810 (3,140 - 8,180)",1.439 (0.9395 - 2.443),1.697 (1.108 - 2.882),
   St. Vincent & Grenadines,80 (50 - 150),21.6%,110 (70 - 170),9.511 (6.134 - 15.25),18.89 (12.18 - 30.28),
   Venezuela,"5,450 (4,550 - 6,590)",37.4%,"3,370 (2,650 - 5,170)",1.186 (0.9302 - 1.818),1.21 (0.949 - 1.854),
   Vietnam,"30,520 (2,350 - 110,700)",57%,"371,800 (152,100 - 570,200)",38.19 (15.62 - 58.58),28.85 (11.8 - 44.25),
   Vanuatu,3 (0 - 890),14.6%,"20 (0 - 1,250)",0.6191 (0.0002602 - 40.76),1.359 (0.0005713 - 89.5), Deaths averted by Vaccinations rounded to nearest individual yielding 0 deaths averted. Deaths averted per 10K people and 10K vaccines has not been rounded.
   Yemen,"1,960 (1,560 - 2,950)",0.84%,380 (270 - 660),0.1289 (0.09166 - 0.2205),5.666 (4.028 - 9.689),
   South Africa,"90,030 (82,940 - 99,150)",25.3%,"44,220 (36,990 - 52,070)",7.456 (6.237 - 8.779),13.43 (11.23 - 15.81),
   Zambia,"3,330 (2,110 - 4,840)",4.17%,"980 (630 - 1,380)",0.5357 (0.3425 - 0.7526),6.355 (4.062 - 8.928),
   Zimbabwe,"4,810 (4,030 - 5,790)",19.4%,"5,710 (4,420 - 7,870)",3.84 (2.974 - 5.298),8.48 (6.567 - 11.7),
