Country Code,type,2000,2001,2002,2003,2004,2005,2006,2007,2008,2009,2010,2011,2012,2013,2014,2015,2016,2017,2018,2019,2020
ABW,per1000,null,null,null,null,null,null,null,null,null,null,null,null,null,null,null,null,null,null,null,null,null
AFE,per1000,299.009742941815,303.914515708568,287.988407704331,281.259825620932,268.656520250967,248.515302494595,235.366900405087,220.376873012261,203.738864902379,202.317291868265,197.354800618434,188.11743862973,187.481512710056,187.082245001537,179.32415226028,175.098446362397,171.800206390051,179.355131489371,167.393969346031,164.543006669522,174.734128296711
AFG,per1000,81.969555854203,78.8320663877295,79.3857861091234,68.091558791181,37.6164657152186,27.0790717573125,20.5260746512922,21.6677689818093,18.8551796838831,12.5636679307351,12.9804734366701,15.607241259574,9.1864106585728,11.2421445216647,12.4070902768194,13.8818586667814,26.8833319382108,28.554148300954,22.1097720341154,14.1008937568521,8.43681364532416
AFW,per1000,419.515166146586,412.481920245633,397.836394653217,392.610159746848,391.438641242434,388.126433115752,383.874581790904,381.467134980101,381.284400785289,374.598509929886,363.957941484247,351.101919900337,334.347493766126,316.433155883814,303.130827384716,295.045833106768,288.602116538162,285.116545182401,282.69317215718,276.652387211528,285.898496506251
AGO,per1000,325.703607159462,326.65069530991,309.120942259612,313.730994443775,313.732578361456,316.022133619683,301.362959279461,274.332707018678,233.453999689154,196.812688838526,172.71905884537,157.172760775305,154.216328111542,160.698354452946,166.779669623079,176.683541107961,189.452176827223,208.948763026604,214.247213069016,227.253732950003,251.582321424507
ALB,per1000,null,null,null,null,null,null,null,null,null,null,null,null,null,null,null,null,null,null,null,null,null
AND,per1000,null,null,null,null,null,null,null,null,null,null,null,null,null,null,null,null,null,null,null,null,null
ARB,per1000,29.6058604359368,29.4077223041129,26.5167451041532,24.6235713088765,22.0086654603862,22.8953902247937,22.5027448558423,18.5752239635524,13.4995352187911,11.7521692269896,13.7816944962114,11.8041284375168,11.4584603443533,11.4386539812171,12.112728290899,13.0853821859786,15.7710701425901,15.8909478128508,16.841654342318,17.5548901417737,18.8536034473281
ARE,per1000,null,null,null,null,null,null,null,null,null,null,null,null,0,0,0,0,0,0,0,0,0
ARG,per1000,2.38672546690317,1.15356962731653,0.66345378115579,0.651127132572635,0.602725775359947,1.18788053315781,0.875545306924443,1.65305083635301,0.523952095808383,0.454516261307327,0.264087090053698,0,0,0,0,0,0,0,0,0,0
ARM,per1000,0.0459343685832375,0.0258958149085157,0.0171392258870868,0.00960920999702446,0.0156629336674759,0.00234799893467934,null,0,0,null,0,null,0,null,0,0,0,0,0,0,null
ASM,per1000,null,null,null,null,null,null,null,null,null,null,null,null,null,null,null,null,null,null,null,null,null
ATG,per1000,null,null,null,null,null,null,null,null,null,null,null,null,null,null,null,null,null,null,null,null,null
AUS,per1000,null,null,null,null,null,null,null,null,null,null,null,null,null,null,null,null,null,null,null,null,null
AUT,per1000,null,null,null,null,null,null,null,null,null,null,null,null,null,null,null,null,null,null,null,null,null
AZE,per1000,8.16815916669789,5.59041461357718,2.65270102746202,2.49594409085236,1.98636305158883,1.23225451656924,0.710352506133718,0.538231908181623,0.354851110388266,0.380005846243788,0.240678520886082,0.0190146603030937,0.0140787565642202,0,0,0,0,0,0,0,null
BDI,per1000,477.770752849525,468.937771643936,430.575804304161,383.650344810318,331.54549105345,292.635960209411,261.97887708091,223.522829285243,197.282486170494,174.82784789717,169.315204033009,164.904448402986,164.608621768221,170.304147604552,176.216980768873,194.272873496289,228.899460545488,250.057310374702,288.443103361416,297.135694076714,294.868688608427
BEL,per1000,null,null,null,null,null,null,null,null,null,null,null,null,null,null,null,null,null,null,null,null,null
BEN,per1000,423.342682858269,432.801712881999,448.662307755572,460.236982478423,479.133491948326,486.095038938401,485.586461938837,482.004047409811,467.39435765441,442.717502506788,416.378110659843,387.120092752971,365.441995861142,359.516638056477,364.245906832993,386.135464556321,418.494285173976,422.178249823359,409.784645845659,401.299839312284,388.306946731382
BFA,per1000,603.211023202975,601.937747711537,595.852046071059,585.123271936013,562.411285579394,533.845082694857,518.073712723096,526.309552134647,555.743487369573,571.970870276383,571.289167445413,557.088008486552,534.152519073393,487.199076003449,448.078699290215,423.616954829146,382.631506970533,369.670231742057,369.207986890695,366.081481757418,389.924010961343
BGD,per1000,6.87926393507709,6.87925270855831,6.87921856423786,6.87926340433192,6.87922343769592,6.87924078994885,4.52305521461299,8.27475603266722,7.80065766472632,5.13679816805398,4.36750458620435,3.95181959886215,2.17857946765064,1.92336316431411,3.98874431892525,2.70666324331318,1.86145151775614,1.94112471087107,0.714407637528801,1.20930709019451,0.426053297488764
BGR,per1000,null,null,null,null,null,null,null,null,null,null,null,null,null,null,null,null,null,null,null,null,null
BHR,per1000,null,null,null,null,null,null,null,null,null,null,null,null,null,null,null,null,null,null,null,null,null
BHS,per1000,null,null,null,null,null,null,null,null,null,null,null,null,null,null,null,null,null,null,null,null,null
BIH,per1000,null,null,null,null,null,null,null,null,null,null,null,null,null,null,null,null,null,null,null,null,null
BLR,per1000,null,null,null,null,null,null,null,null,null,null,null,null,null,null,null,null,null,null,null,null,null
BLZ,per1000,8.70823883780759,6.60242278233596,6.26356691908731,7.12191710820043,5.58711922681817,7.91032580941681,4.19852454694239,4.09536133688103,2.55069506440505,1.17912035778933,0.674157303370786,0.315980725175764,0.141497298687934,0.0838444350352356,0.0779256998958257,0.036139063114866,0.0157359507464742,0.0269974236744265,0.0113499648151091,0,0
BMU,per1000,null,null,null,null,null,null,null,null,null,null,null,null,null,null,null,null,null,null,null,null,null
BOL,per1000,11.9522423513714,5.73652718916076,4.98391974900891,6.82325063244019,4.91110023860374,6.51702063094482,6.0392738138054,4.56579411010484,2.99523868152359,2.97562768261399,4.09301064524967,2.08921960525404,2.13422145946084,2.28027379175911,2.26343230960065,1.88896533976737,1.50055766397339,1.22000188662116,1.4054730545828,2.42267689906547,3.11686663696963
BRA,per1000,21.4404658439761,12.9859222754546,11.1726582881973,12.616781179775,13.8338168110943,17.4221742581074,15.2935606110188,13.8488287415455,8.6114774396422,8.35535330991232,9.81687127679357,7.08369617581565,6.37975394189175,4.84385247493371,3.56159628433083,3.96525816230429,3.1545646350992,5.23608891898746,5.1458446328043,4.1699171933506,3.87250771207187
BRB,per1000,null,null,null,null,null,null,null,null,null,null,null,null,null,null,null,null,null,null,null,null,null
BRN,per1000,null,null,null,null,null,null,null,null,null,null,null,null,null,null,null,null,null,null,null,null,null
BTN,per1000,13.5703669829656,13.3916878406967,14.2829565347104,8.19197548003556,5.64818771445132,3.80152894369571,3.8398447617364,1.61176896216713,0.661982486639624,2.1057328926634,0.859501134502071,0.378138893924244,0.157944411271838,0.0285402788956054,0.0357076408713416,0.063122639863061,0.0275147570813813,0.0199377940824627,0.0107478150587637,0.00354177255090855,0.038529436489478
BWA,per1000,17.573263233642,6.93341739659093,3.24119135682305,1.61932334547681,1.03971506510393,1.22909037251667,3.94438912495522,1.03909389725356,1.93460301662641,2.09940639071968,1.69195490245641,0.510412948023946,0.22482197279802,0.529460374571276,1.49706220499281,0.322903686507462,0.918304425948001,1.99737195101514,0.53733904085985,0.168269813115748,1.12822946866101
CAF,per1000,441.964267319631,433.936339876024,434.425028714176,438.873952156365,446.471272004754,444.805837984538,440.10466055135,432.304971600789,422.806086440484,409.576858108692,395.601770325057,385.812011345575,377.724922240072,371.190291246857,362.654790777504,346.442857394032,334.120298839738,328.699399459054,324.667220272696,322.87275148103,335.994470951376
CAN,per1000,null,null,null,null,null,null,null,null,null,null,null,null,null,null,null,null,null,null,null,null,null
CEB,per1000,null,null,null,null,null,null,null,null,null,null,null,null,null,null,null,null,null,null,null,null,null
CHE,per1000,null,null,null,null,null,null,null,null,null,null,null,null,null,null,null,null,null,null,null,null,null
CHI,per1000,null,null,null,null,null,null,null,null,null,null,null,null,null,null,null,null,null,null,null,null,null
CHL,per1000,null,null,null,null,null,null,null,null,null,null,null,null,null,null,null,null,null,null,null,null,null
CHN,per1000,0.0147878304281972,0.0388747800445651,0.0464209816929127,0.0515123128955265,0.0488839544439937,0.0392001022562259,0.0628695173293953,0.0517744737070595,0.0292524304737632,0.0162251086423194,0.00866917724534023,0.00225969375711123,0.000419182192172922,0.000141802879693928,0.0000900578852494898,0.0000659196835184501,0.00000168160673353004,0,0,0,0
CIV,per1000,510.669621857881,521.945701505136,523.07811855923,521.565388966223,515.900259386317,486.077947151199,475.741770930008,471.286170698311,477.930810267777,485.252887373526,481.861685299487,466.612030100646,382.510376760067,294.249563531528,265.473245991906,247.735569410821,251.312213388174,259.983979523253,272.335970803407,281.187090618751,287.04685958426
CMR,per1000,403.73150760374,407.1032481193,401.988066101364,416.466195885463,433.275536547728,431.844854638206,419.129026485709,399.788086490738,363.447799510863,315.464103395658,290.870328627031,268.442876226563,258.028583028547,262.103382207063,261.899589949728,261.298512823383,257.611994107466,250.568853707573,247.334765451547,244.103089044077,259.958161467263
COD,per1000,469.523731159233,469.83412837423,470.338007156208,474.509302607045,481.241601007958,481.689065313851,473.914069071951,464.05512877889,444.963445019809,413.96724287091,389.912721133407,365.719042457755,345.523943032318,326.492089189163,307.504659778931,295.763539264582,297.480538689442,308.210408471007,320.878874192655,320.674687630789,324.207426413611
COG,per1000,355.36096846602,351.27550941133,319.893268921718,314.456333662566,308.728351889264,287.134033993279,263.654819054973,241.40668394682,219.018034958109,206.185651565591,201.133293617905,198.481993209312,195.691673778329,193.949195252963,186.500005805405,184.014185889768,190.024043384094,205.838690230557,217.632341620898,215.917133413524,213.177127166419
COL,per1000,24.0172935455347,37.3669277824517,32.2045874011011,27.6808380557081,21.1980532882028,17.676645717227,17.2954546238716,17.8860022057107,11.2237587762484,11.1590391447041,16.4369173218984,8.91557240784159,8.25198028018265,7.02822598351059,5.48403715689064,8.06427466725041,10.834023879295,7.4770851899909,8.53402454199437,10.7460540031364,9.40926471028173
COM,per1000,65.1027550068405,63.5641622968366,62.0689049659338,60.6073595753181,59.1765316544715,57.7739628040057,56.4024219901122,55.0602845280102,53.7485526309783,52.4648310956835,52.9769637637452,35.1779987488996,68.8526175460894,71.6860572533651,2.90101265489406,1.67216551866072,1.43665700096908,3.96859526471636,18.2453425477159,20.6830252053436,5.22772095055744
CPV,per1000,1.2934983741444,0.944545470595505,0.659905529313698,0.581295948025303,0.379043126684636,0.564840349536499,0.655823714585519,0.145728928001814,0.279957446468137,0.513699983403539,0.366938096762357,0.0539694532894382,0.00761255157503692,0.165348886149776,0.19294847533599,0.0513076111176264,0.347584289190129,3.02685529055664,0.0141464725770629,0,0
CRI,per1000,1.35488946366135,0.965348726030065,0.711338640388707,0.492652073735881,0.871650333648002,2.36078313196784,1.90874201211522,0.79332182595051,0.618401081113608,0.165586143347039,0.0686607838939278,0.00616682494850701,0.00365675057487166,0,0,0,0.00233267843386303,0.00692647089381489,0.0400044576395656,0.053774213962503,0.0504784515903236
CSS,per1000,null,null,null,null,null,null,null,null,null,null,null,null,null,null,null,null,null,null,null,null,null
CUB,per1000,null,null,null,null,null,null,null,null,null,null,null,null,null,null,null,null,null,null,null,null,null
CUW,per1000,null,null,null,null,null,null,null,null,null,null,null,null,null,null,null,null,null,null,null,null,null
CYM,per1000,null,null,null,null,null,null,null,null,null,null,null,null,null,null,null,null,null,null,null,null,null
CYP,per1000,null,null,null,null,null,null,null,null,null,null,null,null,null,null,null,null,null,null,null,null,null
CZE,per1000,null,null,null,null,null,null,null,null,null,null,null,null,null,null,null,null,null,null,null,null,null
DEU,per1000,null,null,null,null,null,null,null,null,null,null,null,null,null,null,null,null,null,null,null,null,null
DJI,per1000,3.40441347270616,3.40546293011706,3.40444523788271,3.4054923218436,3.40455242233041,3.40499137685934,3.40521371953727,3.40547690748924,3.40408849976723,4.32668919680798,1.60297868355772,3.40527098459193,3.40536256282333,2.54226669343796,14.005323773885,13.8206222416749,19.8374483145632,20.7217806804812,34.5494114293263,67.6657229461066,97.6243113310173
DMA,per1000,null,null,null,null,null,null,null,null,null,null,null,null,null,null,null,null,null,null,null,null,null
DNK,per1000,null,null,null,null,null,null,null,null,null,null,null,null,null,null,null,null,null,null,null,null,null
DOM,per1000,0.326606188801522,0.277644058206018,0.350611437215583,0.406774988199833,0.61618719305695,0.987836046356851,0.893097508326879,0.676123846915297,0.453960967802554,0.400943534828154,0.59959582522512,0.386286317712726,0.225222466599161,0.110754516498719,0.101086140215049,0.137374473633283,0.148587061017774,0.0725284505798909,0.0912252109583003,0.269135682252192,0.17053702594807
DZA,per1000,0.0186462698411393,0.00324770049273029,0.00534425271047137,0.00263824955308053,0.00104148386455086,0.000513554236976521,0.000506054435263492,0.0129548717044177,0.00147053417153781,0,0.000473190224836335,0.000464362068677293,0.025046335721084,0.00357086902900483,0,0,0,0,0,0,0
EAP,per1000,6.14210900710868,5.78094264739419,5.39586921093195,5.42127197638062,5.80122532587628,5.36092721972457,5.29856690333823,4.70232278764244,4.82520180155125,5.23954740628065,5.92791357030616,4.68770084592973,5.29947676595575,3.93018732206871,3.53561127502386,2.51700081479952,2.65097107494923,2.34031891214569,2.22183569715119,1.99826584830928,2.34661124237905
EAR,per1000,28.9317721031237,28.9346648759239,26.7339096686045,27.1586961487344,27.8542874764329,26.5608277467364,23.646670042122,22.1210453741475,21.2768646740315,23.6066652460616,24.6660183649749,22.1598125255275,21.2606875248397,19.629283111588,18.697316095885,17.7037933043887,16.7331232284531,15.8776332273176,11.7960768454123,10.1695334014998,9.72828307841361
EAS,per1000,6.12470234499033,5.7631054956458,5.37863937023547,5.40334887475755,5.78171546940215,5.34356197665048,5.28219481540228,4.68827646059959,4.80963759821261,5.22247641615187,5.90893193608973,4.67225919834372,5.28190293140211,3.9172795317118,3.52423888189413,2.50915352257467,2.64269018095974,2.33295955659959,2.21497054605952,1.99216023959785,2.33928965944236
ECA,per1000,null,null,null,null,null,null,null,null,null,null,null,null,null,null,null,null,null,null,null,null,null
ECS,per1000,null,null,null,null,null,null,null,null,null,null,null,null,null,null,null,null,null,null,null,null,null
ECU,per1000,282.869722645436,289.379352860366,226.519582245431,133.639807798928,72.5142479265418,42.319873710547,24.0743000805487,19.6686997870864,11.5470605872451,9.58362561146133,4.31618822055539,2.7419710674777,1.20643580275662,0.8039937515703,0.520613721828774,1.30816353314226,2.47840499759651,2.60669562995144,3.32035722463934,3.56135485553106,3.76178231456592
EGY,per1000,0,0,0,0,0,0,0,0,0,0,0,0,0,0,0,0,0,0,0,0,0
EMU,per1000,null,null,null,null,null,null,null,null,null,null,null,null,null,null,null,null,null,null,null,null,null
ERI,per1000,18.3422446129908,22.9336414677766,13.229431464548,19.0275020261656,5.54928673300221,9.79250017600321,5.63290703304664,12.5371261521622,6.78043687079263,8.86432985461166,26.327916309329,23.8577285592985,16.1480986454587,15.0265751177908,33.1242201287414,19.1515063039627,25.635869426795,33.9676532584956,28.8797748607868,57.299198168091,44.8025576164404
ESP,per1000,null,null,null,null,null,null,null,null,null,null,null,null,null,null,null,null,null,null,null,null,null
EST,per1000,null,null,null,null,null,null,null,null,null,null,null,null,null,null,null,null,null,null,null,null,null
ETH,per1000,222.326541087133,231.740760217217,205.862851620573,217.671033764225,222.274530404973,152.039239312909,141.754004456739,121.483729903499,100.637289190364,135.903755388199,155.283393328403,155.215230646875,174.578535738493,191.606484718751,158.777640881304,133.785020470887,92.2826333074958,67.0523729208076,37.608943271139,34.7076516849893,54.1261879000187
EUU,per1000,null,null,null,null,null,null,null,null,null,null,null,null,null,null,null,null,null,null,null,null,null
FCS,per1000,293.254748900785,291.431684195695,281.169039725285,279.372024483971,280.449271192567,272.028609355629,267.463116860648,262.710153317108,255.470960916321,251.662762243415,245.780415633211,234.172467861974,228.935216382832,221.732185960986,212.442125872138,204.747462447803,201.673083229283,202.368515590783,200.610559974393,198.828791653153,208.679553326576
FIN,per1000,null,null,null,null,null,null,null,null,null,null,null,null,null,null,null,null,null,null,null,null,null
FJI,per1000,null,null,null,null,null,null,null,null,null,null,null,null,null,null,null,null,null,null,null,null,null
FRA,per1000,null,null,null,null,null,null,null,null,null,null,null,null,null,null,null,null,null,null,null,null,null
FRO,per1000,null,null,null,null,null,null,null,null,null,null,null,null,null,null,null,null,null,null,null,null,null
FSM,per1000,null,null,null,null,null,null,null,null,null,null,null,null,null,null,null,null,null,null,null,null,null
GAB,per1000,324.140581051631,306.85019491132,274.964876466068,231.662507405606,177.577286842548,142.30771996692,120.266210954981,109.870192487259,117.102107421744,142.84940325382,172.401988491182,201.087004913248,226.082871295673,241.242219617296,259.920235736153,253.925419342914,230.276978428015,218.92114148891,209.36971369926,206.64758641577,215.463434885125
GBR,per1000,null,null,null,null,null,null,null,null,null,null,null,null,null,null,null,null,null,null,null,null,null
GEO,per1000,5.61656083079251,10.1933952384277,11.1306798168369,7.45476420769539,6.08168867433385,3.68162276430489,1.40821538534979,0.575981568589805,0.144836576063342,0.0242753799096956,0,0,0,0,0,0,0,0,0,0,null
GHA,per1000,435.23472613771,419.930395052794,391.170449467105,370.895554899715,352.265346792321,336.385349880502,327.993936473731,328.589302552793,342.200029265189,359.731020837706,371.745782642135,376.216361040477,366.070887975722,341.490100531648,310.783272995481,275.820819719688,237.48046437977,200.893505903412,171.705595316817,161.481488933244,162.847974318623
GIB,per1000,null,null,null,null,null,null,null,null,null,null,null,null,null,null,null,null,null,null,null,null,null
GIN,per1000,445.022319004312,442.745835195618,426.085743232911,404.383042938973,370.855646636818,343.663075760312,333.324988737482,336.532936673993,356.185918670029,384.619753985912,406.75085026071,421.860111920214,429.742794614211,414.739854808961,398.850772623368,382.216611896891,360.813290767746,353.731206985762,349.269213258396,327.849843312078,319.538297720698
GMB,per1000,373.170687284285,361.466689214526,350.238523695348,339.536872596858,329.34587083134,319.603950134251,310.220780624389,301.111811718905,292.223706082089,283.543941567923,275.087148721363,256.40562251169,275.058004640371,292.698303413746,150.057039471116,215.967994016856,138.222186238736,66.8761009982384,85.9693380793406,46.8437991971703,87.267820433457
GNB,per1000,399.449765047178,330.873071171579,260.890395343313,192.06777542533,127.456429121761,94.827169572268,77.3514752660822,75.471911982969,88.4033571629982,107.594749043075,124.625394800877,127.8858039304,121.288663230281,111.831939033853,95.0430534030003,78.4938121939412,65.6445063323523,57.1053953021258,56.740528750939,63.4603160886181,88.9162488986269
GNQ,per1000,388.128938599096,389.037174944828,388.943905417474,392.427221227081,394.424150113885,396.479379662107,392.603385111932,385.915057576739,358.819709608882,327.205633609106,312.497350684583,310.30509869171,328.211747387244,347.711656874877,345.018547180588,333.649102539418,319.90296095808,296.216822714278,265.811335053775,246.295304804931,240.837927704145
GRC,per1000,null,null,null,null,null,null,null,null,null,null,null,null,null,null,null,null,null,null,null,null,null
GRD,per1000,null,null,null,null,null,null,null,null,null,null,null,null,null,null,null,null,null,null,null,null,null
GRL,per1000,null,null,null,null,null,null,null,null,null,null,null,null,null,null,null,null,null,null,null,null,null
GTM,per1000,7.23971076175342,4.74097060598224,4.58005179289612,3.90066145935603,3.53226566935679,4.70714825630588,3.61984990822825,1.73959285096179,0.796408002250106,0.766588474950646,0.857236294812507,0.706061120010719,0.543189177992216,0.618502569775405,0.479503392877495,0.528311359753792,0.467852718973565,0.378402993706466,0.271950540483459,0.182933164524498,0.0917572353463658
GUM,per1000,null,null,null,null,null,null,null,null,null,null,null,null,null,null,null,null,null,null,null,null,null
GUY,per1000,45.0344038847329,50.9577217574738,41.1606508689038,51.910910940465,54.1960503501905,73.1522630656324,37.0195689603194,21.0281093724254,21.9130574506404,23.9087463455474,39.5380489171771,51.677528393187,57.6816152758582,75.6755404125745,29.2256320976301,23.4939076114788,25.0426841837112,32.4644164609181,39.4977195326871,33.6073584363323,28.1720760934653
HIC,per1000,null,null,null,null,null,null,null,null,null,null,null,null,null,null,null,null,null,null,null,null,null
HKG,per1000,null,null,null,null,null,null,null,null,null,null,null,null,null,null,null,null,null,null,null,null,null
HND,per1000,8.64758158050682,5.78902696111975,4.02308281805392,3.21676233632084,3.84316992622896,3.47347567360755,2.48989753503325,2.1153811623625,1.62411924280437,1.7472628923621,1.76640149849462,1.33679780363691,1.10901885306497,0.907311100551677,0.561269818415099,0.580534081663409,0.65722058449643,0.199747049515959,0.107434291782325,0.0502943465303131,0.12238629193277
HPC,per1000,330.625239618464,330.786367761355,316.233659896434,308.9642490912,297.289933950226,280.956834093181,270.282399582936,259.059670361515,250.73632813496,250.512637519737,248.276015293001,240.840543594083,236.146256182464,229.582410639774,218.095558802963,211.335364684511,205.415663989338,206.444036552789,196.564354200902,189.70074549454,197.972745578896
HRV,per1000,null,null,null,null,null,null,null,null,null,null,null,null,null,null,null,null,null,null,null,null,null
HTI,per1000,9.58894453900689,9.58890733834654,9.5888957222294,9.58896736151792,9.58895161158622,9.58886851351541,9.72581022267109,8.63953901083337,10.3909780403363,9.58889712660945,9.58890501758425,9.02976087639978,7.15683497667382,6.73158298472434,3.51406671814138,3.36817883611604,3.74603070363609,3.37570855533494,1.61003470228546,1.75927637423902,3.73780914988744
HUN,per1000,null,null,null,null,null,null,null,null,null,null,null,null,null,null,null,null,null,null,null,null,null
IBD,per1000,13.8449359951972,13.7709762123289,12.8881026166997,13.3948075935244,14.2105260688977,15.0076931295735,12.8986281695975,12.1571195876227,11.9562571131098,11.7990926613259,11.6106623879265,10.0283222303997,8.608849679332,7.34044786122942,7.29247639010725,7.6559921762909,8.04891009828849,7.04092780652742,6.01995722822532,5.71787204299233,5.56004621947638
IBT,per1000,82.0116863752653,82.4255289114718,79.3298377433442,78.9751191693771,78.4591992084281,76.8415713301388,74.0937107165558,72.0998379253206,70.7438509836543,70.9328598071041,69.8456272795738,66.8531942484438,64.7709694745031,62.2415847893243,60.2963570381916,59.3314987168389,59.1618309292727,59.6122895467338,57.674964173349,56.7110847521898,59.9885015804589
IDA,per1000,250.889974965582,250.519066351331,240.067671374535,235.702836674218,230.099220682726,220.930538184565,214.657726915884,208.140728112976,202.380358256743,201.422561957271,197.686335287272,189.839391777426,184.90916514841,178.040717833105,170.764808839574,165.589682050309,162.819074008682,164.730036015104,159.271736278116,155.745895819533,163.657479081611
IDB,per1000,209.725056071128,208.614741628704,199.90388695693,198.808605309455,201.001891846185,198.674376904587,196.145909704105,194.141784953253,188.519887510157,182.957746234566,172.258846857155,162.534058838451,153.83383151382,147.41898469282,144.143613786539,139.815585187174,140.215648791625,142.302293415306,141.145429782114,141.262618691378,148.086811172426
IDN,per1000,5.85618009936523,5.85618212178614,5.85618232380473,5.85618055881612,5.28846350214144,5.69859938331022,6.56447104898516,5.85618268186697,5.85618317549339,5.8561805977611,8.94417597772755,8.02729727965535,7.85593701201785,6.59755740180731,4.9515010671816,4.36920780894041,4.51533971258207,3.05439275778504,2.23018949624517,2.43687233946071,2.86941950928288
IDX,per1000,277.169007048188,277.225192680916,265.608387087518,259.10587000862,248.50999138523,234.97967443532,226.31785048209,216.940306551242,211.077074129067,212.990946952629,213.598763606349,206.913843894208,204.331464372108,197.171360960362,187.385948021186,181.666191023637,176.898780803696,178.676653143267,170.520167146604,164.711307738342,173.360830606237
IMN,per1000,null,null,null,null,null,null,null,null,null,null,null,null,null,null,null,null,null,null,null,null,null
IND,per1000,19.9136145086356,19.9920126051981,18.5374044059423,19.4851191718238,21.2707720352167,22.6305662616541,18.2259049061673,17.3570327305218,17.9093783443841,18.1424018845852,17.5319415736262,14.7968404262886,11.8186474891496,9.1762624106823,9.18836206667043,9.68200552281549,10.0449301396251,7.46636152653234,5.35493629000028,4.34567746323374,3.21700688785086
INX,per1000,null,null,null,null,null,null,null,null,null,null,null,null,null,null,null,null,null,null,null,null,null
IRL,per1000,null,null,null,null,null,null,null,null,null,null,null,null,null,null,null,null,null,null,null,null,null
IRN,per1000,29.4262507947595,28.4518273404624,22.6470464076672,33.8760810023938,19.6323253673337,26.6274307744362,22.0846683065783,21.5721944957403,11.3383427197084,5.83564565476079,2.45248069683913,2.14167045045944,0.980211653108801,0.613410511218113,0.452634573442488,0.208384025555119,0.099710961312147,0.0692016317016317,0,0,0
IRQ,per1000,0.608900554754237,0.401962083377422,0.293722997615969,0.104085896361043,0.0453110648451034,0.0134289704608365,0.00672597481795028,0.000826796815509385,0.00162595192710532,0,0,0,0,0,0,0,0,0,0,0,0
ISL,per1000,null,null,null,null,null,null,null,null,null,null,null,null,null,null,null,null,null,null,null,null,null
ISR,per1000,null,null,null,null,null,null,null,null,null,null,null,null,null,null,null,null,null,null,null,null,null
ITA,per1000,null,null,null,null,null,null,null,null,null,null,null,null,null,null,null,null,null,null,null,null,null
JAM,per1000,null,null,null,null,null,null,null,null,null,null,null,null,null,null,null,null,null,null,null,null,null
JOR,per1000,null,null,null,null,null,null,null,null,null,null,null,null,null,null,null,null,null,null,null,null,null
JPN,per1000,null,null,null,null,null,null,null,null,null,null,null,null,null,null,null,null,null,null,null,null,null
KAZ,per1000,null,null,null,null,null,null,null,null,null,null,0,0,0,0,0,0,0,0,0,0,null
KEN,per1000,216.795527621421,241.661364304789,223.487615232931,209.224904060922,178.076826154769,136.533555564693,103.497683181051,79.7083682461522,66.3368029098524,62.7689215257558,64.0190597888409,65.8810554475666,68.7895647318534,71.3495449097498,70.7480798849406,68.7705223246216,65.9607640325304,62.5417602958817,59.749845541869,56.4512840271063,50.9264812614343
KGZ,per1000,0.00182379294218186,0.00387495369430335,0.699911027823839,0.117885959526502,0.0231527655087909,0.0568359071579142,0.0795593711807436,0.0237399349476324,0.00439144887316642,0.000240322686077049,0.000709321812686079,0,0,0,0,0,0,0,0,0,null
KHM,per1000,77.8389970107249,44.3043197854504,39.0508598377043,51.1341319690203,43.6226256644676,41.4099271283889,45.9512439963581,19.760034937838,21.8855021673861,42.7684517565017,34.9053811272853,35.7893049936953,24.8757508785622,15.8854257340396,22.259721530605,19.9366780414669,11.1336008786555,17.9033247315597,23.6929426928602,12.0143746734851,5.84734336878057
KIR,per1000,null,null,null,null,null,null,null,null,null,null,null,null,null,null,null,null,null,null,null,null,null
KNA,per1000,null,null,null,null,null,null,null,null,null,null,null,null,null,null,null,null,null,null,null,null,null
KOR,per1000,1.26125191690391,0.765398937245372,0.53542176592158,0.346627838033925,0.254526386491248,0.401575325146946,0.599421737761904,0.648810160244747,0.308762822516275,0.25996425925674,0.365319817749526,0.144905495792002,0.1124350929901,0.108677146586459,0.157231239730217,0.176241617982379,0.168682213637425,0.12189843958814,0.139865293809244,0.135256787101913,0.099196342441378
KWT,per1000,null,null,null,null,null,null,null,null,null,null,null,null,null,null,null,null,null,null,null,null,null
LAC,per1000,15.9336155974576,13.2621082285763,11.75705988732,11.2920981668118,10.8298567646779,11.9550165335839,10.1846553655515,8.95274457499989,6.19826191567647,5.99362967247202,7.00311101873187,5.10896057789249,4.7033867452174,4.29319989569972,3.23665122269544,3.83930040883649,3.4832547780854,3.91693095907152,3.79325258464844,3.51434930229119,3.42675459670179
LAO,per1000,32.4009596647671,22.0561015936354,17.6339126406928,15.7525739657613,13.6895217950302,11.6953006957304,16.0966039502345,14.7695331504706,13.1729207263255,14.8360319350073,13.4594543394639,9.19376388745496,23.8385850546246,20.1457178524201,25.4042479537959,17.8148328175625,7.5409132865154,4.03793318849953,4.26031174247403,3.10677717036129,1.49877356262755
LBN,per1000,null,null,null,null,null,null,null,null,null,null,null,null,null,null,null,null,null,null,null,null,null
LBR,per1000,465.932137757873,458.751533551258,445.245802348443,430.274726971081,408.658289466886,393.495693440319,381.049744218675,374.85567942099,372.161858695854,354.199868997576,337.396440367718,327.004021958229,313.729216749338,322.260922332668,342.067499360019,347.901683925398,373.261855573007,392.295858300243,383.244905141673,369.64750897947,358.045798496029
LBY,per1000,null,null,null,null,null,null,null,null,null,null,null,null,null,null,null,null,null,null,null,null,null
LCA,per1000,null,null,null,null,null,null,null,null,null,null,null,null,null,null,null,null,null,null,null,null,null
LCN,per1000,14.0743670355256,11.6546487513346,10.4614141014513,10.0940968807673,9.84248643058612,10.7696943512131,9.14070738414842,8.11326564447909,5.64056501295035,5.49505716205344,6.47990240007856,4.80979246550012,4.52179593826811,4.39287805016824,3.58601307522707,4.49483972569578,5.08852090852762,6.92105099466856,6.73740657778969,6.42084750427903,4.64330685496488
LDC,per1000,282.228210311824,282.565260224895,270.10264077914,263.802163280282,253.352624011554,240.073866636965,230.876739870401,219.738163473945,211.112803346155,210.823749055707,210.002620492312,201.981497045336,201.81010890119,197.698291562017,189.106442532357,184.928406925103,181.38221330173,185.014550512748,176.978278148684,171.266596403295,179.505013255941
LIC,per1000,300.668898871579,303.285190398758,291.13291635399,284.115595261417,272.613187450751,257.009604564052,248.216634377825,237.893992590852,231.69919045559,235.767188465607,235.796978487948,229.668555778543,229.919283712483,225.928823030436,214.363472858713,207.890983571033,203.735499069516,207.967810162473,197.816766223401,190.793753810366,199.26908968919
LIE,per1000,null,null,null,null,null,null,null,null,null,null,null,null,null,null,null,null,null,null,null,null,null
LKA,per1000,48.6330964569495,15.2934790630244,9.44514478594297,2.37700631998712,0.834259353740543,0.364821670051277,0.130461445000678,0.0433861344049855,0.141200039335851,0.114726322625975,0.146774848026876,0.0264299114981625,0.00487030484085008,0,0,0,0,0,0,0,0
LMC,per1000,68.9364040185888,68.5046820216085,65.4356703093404,65.5094571586656,66.23014687935,66.0724797687903,62.9389521113047,61.4857694642794,60.2010115401843,58.9786693241196,57.262538580036,53.4120640252143,49.7289389149926,46.1192182359432,45.1905898771019,44.5853343282069,44.70205297846,43.8205847024141,42.524810635244,42.2718999200929,44.182971974077
LMY,per1000,82.2001259350371,82.6295782854217,79.5196682764139,79.1379835821272,78.617414677778,76.9969697299146,74.2490404233206,72.2504782135798,70.900445907103,71.090020617795,69.9965451809777,67.0016078526288,64.9155534572321,62.3715438764056,60.4170593637279,59.433547094358,59.2278208484265,59.6232532451518,57.6796474901295,56.7125836016091,60.055138700114
LSO,per1000,null,null,null,null,null,null,null,null,null,null,null,null,null,null,null,null,null,null,null,null,null
LTE,per1000,2.26060790449764,1.81929070632585,1.50312769100838,1.31332395837885,1.2176207199059,1.34124142113684,1.21947425106905,1.10186456740369,0.729642345506531,0.715371433394278,0.851936760944383,0.613950302305585,0.603016194083376,0.504966455409128,0.36655809659445,0.359972747648561,0.346093150490272,0.414214844227909,0.426145364045844,0.398089845540915,0.370099598684284
LTU,per1000,null,null,null,null,null,null,null,null,null,null,null,null,null,null,null,null,null,null,null,null,null
LUX,per1000,null,null,null,null,null,null,null,null,null,null,null,null,null,null,null,null,null,null,null,null,null
LVA,per1000,null,null,null,null,null,null,null,null,null,null,null,null,null,null,null,null,null,null,null,null,null
MAC,per1000,null,null,null,null,null,null,null,null,null,null,null,null,null,null,null,null,null,null,null,null,null
MAF,per1000,null,null,null,null,null,null,null,null,null,null,null,null,null,null,null,null,null,null,null,null,null
MAR,per1000,0.000104189559428197,0,0.000645056920331906,0.000134305327852064,0.0000332058273836239,0,0,0,0,0,0,0,0,0,0,0,0,0,0,0,0
MCO,per1000,null,null,null,null,null,null,null,null,null,null,null,null,null,null,null,null,null,null,null,null,null
MDA,per1000,null,null,null,null,null,null,null,null,null,null,null,null,null,null,null,null,null,null,null,null,null
MDG,per1000,57.4616697890492,68.3537654327707,53.5943013119738,68.29460657733,46.853585060309,36.1488820084637,35.3026294916941,22.754910072905,23.4726858872533,42.919882552069,42.2444784423335,37.8743164196786,71.3571225313012,65.2094904726261,45.709398392032,96.8036748248747,56.5790980048903,75.6650893679833,70.3979500967794,71.0264105424144,133.458071730766
MDV,per1000,null,null,null,null,null,null,null,null,null,null,null,null,null,null,null,null,null,null,null,null,null
MEA,per1000,8.02079372494888,8.72998823356508,9.46486462119975,8.50732986512061,6.6835452056506,6.9028675059394,8.06107974776816,5.63053750398383,3.48679718476134,4.40396060000788,6.91964541871447,4.77587504983881,4.8374739163475,3.87606405484679,3.24662995744511,2.80412338577812,3.5615424245401,3.95443452872596,4.57197138540729,4.47005883792369,4.19621678020685
MEX,per1000,3.52462659943644,2.34959930772414,2.14499398575973,1.74757254897116,1.53720061596342,1.32024509302232,1.10249860214229,1.02012863731381,1.00328483201045,1.13369744748208,0.506868984289956,0.458262443313466,0.335047855935053,0.196496019467,0.257100843102643,0.200124332564061,0.210734292359218,0.278231521136334,0.300159536849723,0.228499508800004,0.13024196469272
MHL,per1000,null,null,null,null,null,null,null,null,null,null,null,null,null,null,null,null,null,null,null,null,null
MIC,per1000,52.4397437153433,52.1782283426744,49.9177229346421,50.0602050882165,50.7016429741921,50.7167246447892,48.4505857750323,47.3482090884744,46.3717457729145,45.5879105139726,44.1380748450811,41.2809207827035,38.528030011677,35.8734744935632,35.1923543480916,34.7979984680254,34.9309073883987,34.3420241190197,33.4230356586802,33.2045879614839,35.0168784223432
MKD,per1000,null,null,null,null,null,null,null,null,null,null,null,null,null,null,null,null,null,null,null,null,null
MLI,per1000,406.229399710299,407.446482989154,416.458277559657,423.80885697471,429.372585410166,431.240273870888,405.710341701949,388.805515602549,379.058733370092,374.562311356769,383.60342691167,404.732950455097,435.650582634292,452.815933807072,441.007385462791,391.82930999958,384.221812893283,386.777553610064,386.777532262051,333.695436227009,357.450233199884
MLT,per1000,null,null,null,null,null,null,null,null,null,null,null,null,null,null,null,null,null,null,null,null,null
MMR,per1000,48.7819613961864,48.7819490963355,48.7819731412036,48.7819755304632,48.7819678622255,48.7819754631175,34.6901546583829,43.4471983558043,52.9596955991069,49.8989334430564,66.9845201649589,43.7121761694908,57.3304176856483,19.8252524524936,12.3312418272843,8.67106463018783,5.13223392397375,3.8006484282963,3.39988129931081,2.44476020179095,2.54554617426958
MNA,per1000,8.2100217789154,8.96752444826406,9.72914357746,8.75145620921107,6.87810495147228,7.10728108374823,8.30163362596639,5.80291368051289,3.5963338641399,4.54501615431291,7.14777341412773,4.93876521123429,5.27965152918872,4.23495351881093,3.54984410332535,3.06774583506337,3.89800465843759,4.33119979056553,5.01041984399543,4.89956154672806,4.59837156502419
MNE,per1000,null,null,null,null,null,null,null,null,null,null,null,null,null,null,null,null,null,null,null,null,null
MNG,per1000,null,null,null,null,null,null,null,null,null,null,null,null,null,null,null,null,null,null,null,null,null
MNP,per1000,null,null,null,null,null,null,null,null,null,null,null,null,null,null,null,null,null,null,null,null,null
MOZ,per1000,486.444697569575,501.871376197983,500.468686373007,483.082258601258,452.064079197414,415.132151100177,395.606037692027,382.6486381712,379.233703389872,375.631968910908,371.80494609645,368.025633074935,367.0550628245,366.406004017409,355.992606308285,347.771971460248,341.570855550122,328.10090066996,315.261057860404,303.982840306193,320.193975863718
MRT,per1000,153.568317747167,159.0072546491,124.171690189363,118.745253136867,92.5410802634417,84.2048040505284,74.0709558251722,71.0229969473963,60.8891290280402,31.1135589943797,35.2140690286761,45.1530936913495,22.9347736644944,24.6499211394272,49.2028022124229,61.6088163420247,75.6770933908998,55.488254515617,39.414649700044,28.1070455872221,29.9905799563839
MUS,per1000,null,null,null,null,null,null,null,null,null,null,null,null,null,null,null,null,null,null,null,null,null
MWI,per1000,463.229468484855,465.235613607801,437.955317649142,398.393841160589,369.798998312203,363.373369924639,350.059770953421,348.560854720739,365.887307300265,380.74424548248,379.391632883663,364.943653030941,320.182306974339,287.102254034541,261.83418203695,240.839924981958,224.848306502671,217.942837409869,208.467683373647,205.872439421456,228.453281777192
MYS,per1000,13.6941267771107,13.4758383911663,11.3793263694899,6.41529143116265,6.10743083984617,5.41929733054113,5.05115077312948,3.78737553961681,5.57258775150536,5.36776152175814,4.60329994744403,3.4501473773121,3.14949252920075,0.872105847181266,0.498885042154112,0.199861583465336,0.216720738219272,0.0683177595632807,0,0,0
NAC,per1000,null,null,null,null,null,null,null,null,null,null,null,null,null,null,null,null,null,null,null,null,null
NAM,per1000,54.6323142265436,71.0877457194472,47.8993878105091,45.2979963728885,69.6660956529434,42.4448404914276,43.5703727089542,12.973794981013,7.45653029038173,4.91698873487732,1.53996354032267,1.80620242435359,3.13815937510045,4.42452667886927,14.2862605297443,8.19177861516927,17.124566636587,46.7494318545296,25.840589748155,2.88127238604707,10.0443661706461
NCL,per1000,null,null,null,null,null,null,null,null,null,null,null,null,null,null,null,null,null,null,null,null,null
NER,per1000,363.228508411154,353.206232059529,327.129526296498,294.673545971717,299.261826643082,307.459576054092,304.83918622842,313.594913697982,352.145868250642,379.54555826118,414.348131760004,428.117584986535,429.718583243389,416.625077205082,409.304860006002,403.91506446239,387.567789542719,364.330230528217,344.926894472449,326.578043345639,324.106166590021
NGA,per1000,418.038635679312,407.761852158205,392.939249341924,391.655117820971,401.153670741115,407.785471324181,410.961433302227,412.435040295763,413.092491032918,400.175765475656,373.258735206669,350.502359066669,328.053762270614,308.184717414772,297.34328194339,292.542419606802,293.923580914992,297.96192610661,299.020606480813,300.442535844599,313.758074722805
NIC,per1000,13.5365311898798,5.91063388709999,4.2774359438056,3.68267122884423,3.73005105921066,3.54340310759654,1.63830619996892,0.703670356052282,0.390082604539106,0.307823951813589,0.34458329612804,0.454461837236686,0.598918423787631,0.555878022752076,0.539290039208549,1.06241954086247,2.88441760348761,4.97527254382248,7.14267744458118,5.85101319094246,11.4966816144738
NLD,per1000,null,null,null,null,null,null,null,null,null,null,null,null,null,null,null,null,null,null,null,null,null
NOR,per1000,null,null,null,null,null,null,null,null,null,null,null,null,null,null,null,null,null,null,null,null,null
NPL,per1000,6.9048359752516,7.89220597613378,11.873038448431,10.0070366268584,4.71260278706687,4.8212839816553,4.70050301078273,5.50315296911066,4.00515452264147,3.28598388134117,3.85084639935787,2.35835926377711,1.74384475263175,1.30084097756587,0.625586727625736,0.557261273797256,0.42367805623129,0.335360707244564,0.335474064948809,0.0558730727552903,0.02896723415646
NRU,per1000,null,null,null,null,null,null,null,null,null,null,null,null,null,null,null,null,null,null,null,null,null
NZL,per1000,null,null,null,null,null,null,null,null,null,null,null,null,null,null,null,null,null,null,null,null,null
OED,per1000,null,null,null,null,null,null,null,null,null,null,null,null,null,null,null,null,null,null,null,null,null
OMN,per1000,0.00264553413995669,0.000871475263828243,0.00256974722253154,0.00251449606984264,0,0,0,0.00150536549897974,0,0,0,0,0,0,0,0,0,0,0,0,0
OSS,per1000,null,null,null,null,null,null,null,null,null,null,null,null,null,null,null,null,null,null,null,null,null
PAK,per1000,6.64067408374344,7.23122753336914,6.57257527983513,6.1440941917486,4.43829520145545,5.36287355299513,5.2780896786198,5.06382197916034,4.52622629917865,5.88598275758597,8.19587238368672,10.5742353891159,8.97568559759995,7.54787475549434,7.15263948444364,5.06279677665809,4.99902548562151,4.01157198376688,3.38150099076063,3.00778463303865,2.50025953040212
PAN,per1000,0.372147283000783,0.32686396938653,0.775612357937062,1.52647560650751,1.69624262498052,1.19841477753126,0.533645251166797,0.403749090142895,0.230180313791916,0.23652480088164,0.124856415122609,0.103743755155814,0.243432730462673,0.199432641086466,0.266278421247163,0.149769381199801,0.207139263388199,0.201610568924386,0.195257060002816,0.404806757716948,0.552436421898522
PER,per1000,9.0711420366812,9.98196032411373,12.1155479044217,10.4008004679877,10.6350494221448,9.88002874449334,7.25300055819492,5.62837030045054,4.86783144117423,4.60136289123522,3.31964700013885,2.69048206732452,3.48923116111141,5.3590592806757,7.10220950671899,9.71850283183375,5.99645544246499,5.87503123466101,4.65254065491185,3.58130503792484,2.29690729482931
PHL,per1000,1.76570615540038,1.21348464195319,1.49379727584793,2.08355107613165,1.85436273160426,1.65884415685445,2.01786927048794,2.17157346754046,1.413533173154,1.09606001603098,0.980607259993798,0.430944464757263,0.339578626693445,0.305092418812161,0.245288845518017,0.470496230440052,0.287583126356979,0.270931753751655,0.175986051054974,0.215583814299772,0.676057023240613
PLW,per1000,null,null,null,null,null,null,null,null,null,null,null,null,null,null,null,null,null,null,null,null,null
PNG,per1000,250.060110233447,241.61407900443,202.643187697678,214.225296936808,268.830752093836,217.631767192176,222.913389131851,183.779165552251,169.19182362891,218.818537857181,147.634529565097,120.319916661715,161.520838086422,182.350956321128,203.085846724685,109.120853423111,146.155730227378,145.794911091891,151.257726295222,128.178070511578,164.313799433041
POL,per1000,null,null,null,null,null,null,null,null,null,null,null,null,null,null,null,null,null,null,null,null,null
PRE,per1000,361.209593088576,360.267180217144,346.658882106256,339.439241034075,330.579179708252,321.97166115038,312.524496276329,303.618971149499,296.043388062525,286.292034083196,276.055151109225,265.00611442099,254.317612667762,243.320999617124,233.924921422681,229.110134119588,228.002516411823,229.332949782029,227.948067413177,225.230894086242,235.649882445587
PRI,per1000,null,null,null,null,null,null,null,null,null,null,null,null,null,null,null,null,null,null,null,null,null
PRK,per1000,10.117111524563,12.7992289575761,10.8466598614443,1.79900703253148,1.70785871831284,0.720798011677399,0.735977985176958,0.507672847782105,1.74988496331467,1.53394910752719,1.41041501774859,1.73958785053577,2.2562634026951,1.47999824541056,1.07669557579809,0.71406911399907,0.509302795539062,0.463552562912935,0.37066699008982,0.186487471065257,0.180705338933775
PRT,per1000,null,null,null,null,null,null,null,null,null,null,null,null,null,null,null,null,null,null,null,null,null
PRY,per1000,35.7606908967569,13.8673544055715,13.9492844589505,6.86434534758145,3.36403296170625,1.79331988343421,3.86611861421022,6.20997207596449,1.55760393923061,0.36051950861191,0.0889173424384692,0.00438552251307982,0,0,0,0,0,0,0,0,0
PSE,per1000,null,null,null,null,null,null,null,null,null,null,null,null,null,null,null,null,null,null,null,null,null
PSS,per1000,null,null,null,null,null,null,null,null,null,null,null,null,null,null,null,null,null,null,null,null,null
PST,per1000,null,null,null,null,null,null,null,null,null,null,null,null,null,null,null,null,null,null,null,null,null
PYF,per1000,null,null,null,null,null,null,null,null,null,null,null,null,null,null,null,null,null,null,null,null,null
QAT,per1000,null,null,null,null,null,null,null,null,null,null,null,null,null,null,null,null,null,null,null,null,null
ROU,per1000,null,null,null,null,null,null,null,null,null,null,null,null,null,null,null,null,null,null,null,null,null
RUS,per1000,null,null,null,null,null,null,null,null,null,null,null,null,null,null,null,null,null,null,null,null,null
RWA,per1000,250.038821793849,238.604083269045,190.429617158343,151.754554081027,129.912899187099,157.407507957947,154.461702321996,90.6384347490592,71.7789598481059,158.100415322041,107.553406409865,37.9479610734443,61.2707433068036,112.345070608825,207.433955070131,315.378853460786,418.879735061676,724.567396936473,498.672936015365,363.580069847496,230.543454016222
SAS,per1000,19.0480878083658,19.0313325286738,17.7498194391644,18.3074342594131,19.1095992624924,20.1945156019519,16.346694188257,15.6481574516267,15.9749046742879,16.1962279012066,15.9716572891859,14.0182375598026,11.1962195776312,8.84004950492924,8.83848261937712,8.98134320619524,9.4965120963106,7.26249339440083,5.30124076173385,4.27267722203914,3.15766238365636
SAU,per1000,3.99183269098334,1.80978638750977,1.49528515752016,0.958309639627771,0.664810736693398,0.555056755732573,0.651190613887277,0.231470352216589,0.0294127574218995,0.0271872493675449,0.0132014222939247,0.0304700872062728,0.035108766530556,0.0141227097326239,0.0121127552157524,0.0326655523646515,0.104653865036529,0.0667487512892502,0.0225932034458709,0.0138420807998683,0.0297604321071318
SDN,per1000,92.771447748579,86.3526992543047,66.6540415943181,61.0887785845713,55.3740495897474,54.6516174696637,52.6785190897404,46.5138197758207,38.6353113066321,34.6297563286143,32.7293850701224,32.5628763967032,33.0652891631729,34.9392920262318,38.5727576987501,42.212430790592,53.2598186001045,53.7765047753924,59.1890296838417,65.5908607328818,73.3983779796907
SEN,per1000,306.242230981847,273.644488667014,223.620131054075,202.761284716458,138.998061625042,125.264345580297,121.269022564212,99.2673275561265,52.3766524777795,32.8909585757447,60.4749449505342,48.8975828564072,53.2677609817646,61.7831588321623,38.5681853776507,69.3440660701241,45.6284630807695,52.2529672773581,66.0803324064779,41.2497586884729,49.9293773922848
SGP,per1000,null,null,null,null,null,null,null,null,null,null,null,null,null,null,null,null,null,null,null,null,null
SLB,per1000,623.153782512275,681.255345965895,649.785770125661,540.467071145307,744.164171969962,614.797793722513,591.859744895281,319.145093193709,186.861369528748,147.648177558183,174.948620503576,116.909715615942,94.8601738403829,94.9214571749335,52.3908824379568,66.6738123031112,137.268586840779,164.51024268306,134.111680310431,212.797946682511,167.672780801431
SLE,per1000,469.996968090791,473.00533500881,465.025363639476,444.057323545099,428.588174998321,408.435091997721,392.090221023667,397.634849901689,425.290926257162,447.064159413717,448.070931704978,441.330026429028,429.62831314191,414.096933628109,400.793170677624,391.767380205187,386.240889766274,369.611802318431,361.876873247828,347.477034718266,328.190162072512
SLV,per1000,0.629994252243675,0.300869112793503,0.0966691288376405,0.0698555305445362,0.0915907431198588,0.0545344588594484,0.0397045012750007,0.032271623803227,0.0265113902573051,0.0167998924806881,0.0135422881846722,0.00555227266417872,0.0102661458835124,0.00471693292442766,0.00469516632626711,0.00389408402966046,0.00930019879174917,0,0,0,0
SMR,per1000,null,null,null,null,null,null,null,null,null,null,null,null,null,null,null,null,null,null,null,null,null
SOM,per1000,125.583927414128,125.96053063123,126.188161979343,120.998384988832,119.991400015656,136.564244783311,120.067681763048,100.563152643987,63.0993364328113,38.4365827704451,43.701536613681,35.6127414442356,35.7159875197859,41.7612154769805,47.702029139638,55.7483258926954,56.0155026546221,55.7285201037894,51.4618784033422,49.1394142508658,52.2015009336467
SRB,per1000,null,null,null,null,null,null,null,null,null,null,null,null,null,null,null,null,null,null,null,null,null
SSA,per1000,352.975110714826,352.508911778217,337.126119591501,331.036486013031,323.506879777443,310.844013316691,301.62807889059,292.211265728035,282.86580463974,279.051050838154,271.509565688825,260.608215903048,252.752522632312,244.52360660452,234.260957926203,228.283839063824,223.555369297654,226.188084036167,218.419931062402,214.130079028415,223.878623477193
SSD,per1000,367.164317298008,357.181397473957,336.607545350224,318.788320946874,306.663030817564,305.748420467226,305.231664438165,299.469979112809,293.152562020627,286.080309700295,285.696436782238,290.857970875915,287.800307070208,285.738331999038,276.305410141013,271.000648863621,266.547857746859,277.783684273911,278.790651247221,281.258898615581,286.886613031279
SSF,per1000,352.975110714826,352.508911778217,337.126119591501,331.036486013031,323.506879777443,310.844013316691,301.62807889059,292.211265728035,282.86580463974,279.051050838154,271.509565688825,260.608215903048,252.752522632312,244.52360660452,234.260957926203,228.283839063824,223.555369297654,226.188084036167,218.419931062402,214.130079028415,223.878623477193
SST,per1000,null,null,null,null,null,null,null,null,null,null,null,null,null,null,null,null,null,null,null,null,null
STP,per1000,224.758196029916,290.729483282675,343.072227873856,283.607592832685,302.375500858615,115.188731965048,31.8290902793241,14.5582902878585,36.5704000654504,35.1495647526396,15.1908278446766,45.7508901425854,66.6157096298184,48.12157687582,8.96146162767528,10.3089165108128,11.0126414100905,10.8119332064939,13.9173205959286,12.7041404709646,8.81999990874289
SUR,per1000,163.331320624515,227.350864481666,180.23166023166,152.383859688072,114.899336222503,123.776602955131,44.0701585132184,14.6223228831406,27.311529498023,32.3440715478301,22.6612583332267,10.0575621481435,7.1176603037202,9.01837075524216,4.90705955775279,0.980819529206626,0.910910550981027,0.225487170966747,0.340883711635889,1.10636216474315,1.69657799065151
SVK,per1000,null,null,null,null,null,null,null,null,null,null,null,null,null,null,null,null,null,null,null,null,null
SVN,per1000,null,null,null,null,null,null,null,null,null,null,null,null,null,null,null,null,null,null,null,null,null
SWE,per1000,null,null,null,null,null,null,null,null,null,null,null,null,null,null,null,null,null,null,null,null,null
SWZ,per1000,2.81329923273657,4.91526020929495,2.34811712548408,1.19420913325558,1.99749443207127,0.966866624387911,0.534287467339524,0.287728384405122,0.197288977328775,0.358000466076078,0.898861330516007,1.26262626262626,1.35341281738192,2.39225016101684,1.26872924861223,1.02869342994857,0.801492700004488,1.39706489366431,2.15617495819661,0.743443543395017,0.717265157228832
SXM,per1000,null,null,null,null,null,null,null,null,null,null,null,null,null,null,null,null,null,null,null,null,null
SYC,per1000,null,null,null,null,null,null,null,null,null,null,null,null,null,null,null,null,null,null,null,null,null
SYR,per1000,0.000365611841972569,0.00375748029335782,0.000877982242282361,0.000114842114486793,0.0000560920857039952,0,0,0,0,0,0,0,0,0,0,0,0,0,0,0,0
TCA,per1000,null,null,null,null,null,null,null,null,null,null,null,null,null,null,null,null,null,null,null,null,null
TCD,per1000,267.051856093282,268.382448889809,233.840500467184,228.381489996838,221.909678531683,223.130498471321,225.949508325553,226.153978294274,227.219140760328,233.784094155118,233.518378500833,217.642472990969,202.390319148137,190.393088108914,188.709736498114,189.657258952936,192.731919489839,196.321088271218,206.105206703969,203.261193400085,206.278347371152
TEA,per1000,6.10332753010619,5.71252686280602,5.3427597218639,5.45654885430187,5.84105451477672,5.40600306465485,5.34278186377342,4.74284677180611,4.85480636033587,5.27508521824833,5.97107490197379,4.71576351011499,5.32833832604705,3.95334112882769,3.55876640309204,2.53392154757543,2.67100637931458,2.35782280393164,2.23905166720669,2.01507056968104,2.36665068098059
TEC,per1000,null,null,null,null,null,null,null,null,null,null,null,null,null,null,null,null,null,null,null,null,null
TGO,per1000,445.783917897915,441.94066611609,444.376606683805,453.68304565934,465.799036901699,461.287006318827,445.598130518399,422.672945564121,378.966130383631,335.355568211632,318.571917540504,316.851323215694,341.313976025594,367.162104705566,364.967090907996,352.471514354045,320.328279062236,273.561286675441,244.918840500716,229.143125169273,228.858097557635
THA,per1000,6.5764030011321,5.26888672955138,3.66474089899372,3.0496411865084,2.16402305588596,2.39918616821081,2.42573479289531,2.64183226491133,2.26290578679402,2.32191761928968,2.54726557941508,1.94321279253267,3.64302276658117,3.21720403764443,3.17380505869938,0.615218631538107,0.567542960740514,0.433555918434228,0.309455751812388,0.242049931313223,0.227024885309776
TJK,per1000,9.18192532412957,5.3957056115907,2.86969310588841,2.48435037761851,1.61241179595171,1.01824281894064,0.581278423282277,0.269189844548164,0.132053548959891,0.0666713553432823,0.0445478591173955,0.0303387791441897,0.0106455985202618,0.00148590231603879,0.000725572512991376,0,0,0,0,0,null
TKM,per1000,0.08175834957145,0.0269664436317058,0.0600698812952401,0.0231310904987394,0.00981290069344498,0.00323570143535716,0.00319839312729285,0,0,0,0,0,0,0,0,0,0,0,0,0,null
TLA,per1000,14.0743670355256,11.6546487513346,10.4614141014513,10.0940968807673,9.84248643058612,10.7696943512131,9.14070738414842,8.11326564447909,5.64056501295035,5.49505716205344,6.47990240007856,4.80979246550012,4.52179593826811,4.39287805016824,3.58601307522707,4.49483972569578,5.08852090852762,6.92105099466856,6.73740657778969,6.42084750427903,4.64330685496488
TLS,per1000,151.881445715921,151.881783860311,120.253696962573,75.8045051163887,256.047129869704,164.27314465093,171.851986677378,117.666189270487,135.160783365571,102.185720959326,99.741069926677,31.2962363326714,7.26352032988019,1.55990994562442,0.514273348960724,0.0977669147872459,0.0976671503516017,0.0188147237186104,0,0,0.00322578824151799
TMN,per1000,8.2100217789154,8.96752444826406,9.72914357746,8.75145620921107,6.87810495147228,7.10728108374823,8.30163362596639,5.80291368051289,3.5963338641399,4.54501615431291,7.14777341412773,4.93876521123429,5.27965152918872,4.23495351881093,3.54984410332535,3.06774583506337,3.89800465843759,4.33119979056553,5.01041984399543,4.89956154672806,4.59837156502419
TON,per1000,null,null,null,null,null,null,null,null,null,null,null,null,null,null,null,null,null,null,null,null,null
TSA,per1000,19.0480878083658,19.0313325286738,17.7498194391644,18.3074342594131,19.1095992624924,20.1945156019519,16.346694188257,15.6481574516267,15.9749046742879,16.1962279012066,15.9716572891859,14.0182375598026,11.1962195776312,8.84004950492924,8.83848261937712,8.98134320619524,9.4965120963106,7.26249339440083,5.30124076173385,4.27267722203914,3.15766238365636
TSS,per1000,352.975110714826,352.508911778217,337.126119591501,331.036486013031,323.506879777443,310.844013316691,301.62807889059,292.211265728035,282.86580463974,279.051050838154,271.509565688825,260.608215903048,252.752522632312,244.52360660452,234.260957926203,228.283839063824,223.555369297654,226.188084036167,218.419931062402,214.130079028415,223.878623477193
TTO,per1000,null,null,null,null,null,null,null,null,null,null,null,null,null,null,null,null,null,null,null,null,null
TUN,per1000,null,null,null,null,null,null,null,null,null,null,null,null,null,null,null,null,null,null,null,null,null
TUR,per1000,2.78109439664945,2.5912553520136,2.41448235992035,2.14674248936929,1.21725275557831,0.472163535335799,0.178108257600032,0.0692046112823415,0.0362666340412609,0.00819691403443265,0,0,0,0,0,0,0,0,null,0,null
TUV,per1000,null,null,null,null,null,null,null,null,null,null,null,null,null,null,null,null,null,null,null,null,null
TZA,per1000,339.933495086551,328.419092645323,302.445968695898,283.714705945972,267.095815109791,248.378388261259,226.712928998711,198.626183445836,171.065996979114,151.103892910949,137.373148485516,127.433784602876,124.638923359452,134.518531743431,144.908924159377,140.304301446581,131.282602970863,123.570741653976,114.924998366287,111.840027191924,120.173323114288
UGA,per1000,487.225519287206,507.974382194183,500.152559311083,484.124679899927,449.82469156976,433.645287865921,421.310380370632,415.413546647964,417.960705098172,423.051331924235,409.436655124848,394.679720016016,376.555968630531,332.344413915011,294.282382767661,253.514779685989,283.137132534608,294.903259896108,262.691580498095,262.691558158758,283.817529248595
UKR,per1000,null,null,null,null,null,null,null,null,null,null,null,null,null,null,null,null,null,null,null,null,null
UMC,per1000,3.33318492983492,3.06377196004591,2.74029458730128,2.59310999371495,2.48507293972012,2.53225719843021,2.30706114873732,2.04872191562863,1.60141248023941,1.61391180519153,1.78454198347479,1.6051274168185,1.70810314636895,1.75727042510716,1.74312243966317,1.77167515490838,1.67808617679132,1.81241050467198,1.69566026329362,1.55136804814403,1.60800786042371
URY,per1000,null,null,null,null,null,null,null,null,null,null,null,null,null,null,null,null,null,null,null,null,null
USA,per1000,null,null,null,null,null,null,null,null,null,null,null,null,null,null,null,null,null,null,null,null,null
UZB,per1000,5.08700391618555,3.06675163294567,2.90983445401282,2.87389801545691,2.53096598535108,3.85968895447837,2.72347410834204,1.10277900308778,0.253384492869036,0,0.105207785376118,0,0,0,0,0,0,0,0,0,null
VCT,per1000,null,null,null,null,null,null,null,null,null,null,null,null,null,null,null,null,null,null,null,null,null
VEN,per1000,2.93620554645813,1.93407007169789,2.79111023144407,2.93601690444412,4.23009260366954,4.00863423753021,3.25047979176311,3.5844624847693,2.71256592800953,2.99147265831663,4.07208987978949,3.70847669222572,4.2130967296356,6.18910430479843,7.06181798525126,10.6151135905114,18.8867815509757,32.8283192438189,32.9013114358664,32.7832668930392,16.2993017780104
VGB,per1000,null,null,null,null,null,null,null,null,null,null,null,null,null,null,null,null,null,null,null,null,null
VIR,per1000,null,null,null,null,null,null,null,null,null,null,null,null,null,null,null,null,null,null,null,null,null
VNM,per1000,3.41999299985942,3.11134945735356,2.18757046727448,1.59247133260613,0.923919367268705,0.657195449334243,0.699462118121064,0.445123656994401,0.28179470138171,0.356043201985803,0.35413509525068,0.308501586754078,0.36018298165782,0.310389693961742,0.281985604146686,0.165192849145182,0.0727989736040253,0.0786722409164615,0.0536381285550438,0.0526363778024827,0.0230981100518584
VUT,per1000,125.251400272485,98.8430782890877,189.014422952967,214.55066344994,200.38898115352,122.437667835743,107.02074363627,124.448656727299,119.141076991544,64.6574937891975,88.7831476275951,47.9316568998343,33.6426123724975,20.7530480795832,9.19708361122901,2.91006461892538,15.0075810380633,7.93698051481792,3.98735799094559,3.49137327348757,2.96272179716751
WLD,per1000,81.5962103476331,82.0168556976309,78.9338946165967,78.5556507159075,78.0439216743049,76.4341628108093,73.7029998599855,71.7212565103802,70.3771526027522,70.5651507076933,69.4853471583912,66.5079383809731,64.2740969417326,61.7614009720454,59.831019029027,58.8731243063639,58.7045410978335,59.1517019955125,57.2291269296475,56.2738227424614,59.5233736989027
WSM,per1000,null,null,null,null,null,null,null,null,null,null,null,null,null,null,null,null,null,null,null,null,null
XKX,per1000,null,null,null,null,null,null,null,null,null,null,null,null,null,null,null,null,null,null,null,null,null
YEM,per1000,93.9867476551981,101.930086830968,109.946664753737,97.097804421549,75.8999324490053,77.3543537458153,90.1085941096468,62.1243876838734,38.2523235644742,48.3552382774898,75.8227423882149,51.6489235352975,54.5660489382094,43.2022853976409,35.2750830249099,30.0763657174526,37.7515544744292,41.6353057862071,47.4064789451427,44.787337283633,40.568404689528
ZAF,per1000,4.01710471802989,5.81638387519154,3.39083238011992,2.8808290554695,2.83327211740095,1.61965422731842,2.49497519667161,1.28807632610583,1.56610778823234,1.2029238657361,1.57369746271548,1.89717087710021,1.25320209128217,1.6102558677016,2.14596681075781,0.895346634921191,0.769112526339836,3.94967527484334,1.65073294099876,0.528704234039741,0.752503553863692
ZMB,per1000,397.111466250484,404.153982572525,371.453878084936,348.5236400592,301.793467565999,258.448375387686,222.493119901741,193.436785119169,172.559882526648,165.219034347115,168.475478366654,180.511950233324,200.348589589267,227.613465428149,232.318577269188,219.322743912384,205.968741675425,185.247218281094,178.839681198065,174.39869382702,186.898619644216
ZWE,per1000,113.032783196817,113.032786055901,113.032823396844,113.032878642163,113.032792445103,113.032870123688,113.032821696347,175.120473850341,74.7257333149774,90.145050688514,109.793706736778,70.6782340940487,57.2186789438631,81.9516063242358,101.893510349354,97.6100250578644,68.3758293230566,118.824397102589,55.8263284873315,67.8740643621708,98.5093309932866
BLZ,cases,1486,1162,1134,1324,1066,1549,844,845,540,256,150,72,33,20,19,9,4,7,3,0,0
CPV,cases,144,107,76,68,45,68,80,18,35,65,47,7,1,22,26,7,48,423,2,0,0
ZWE,cases,1057512,1061288,1063993,1066479,1069833,1074888,1081901,1690025,728426,889197,1097776,717620,590910,861512,1090112,1061804,755407,1332055,634718,782740,1152901
COG,cases,1111363,1130380,1058967,1071326,1083781,1040222,987425,935722,878588,854722,859591,872297,882608,896580,883444,893590,946509,1051980,1141343,1161743,1176331
PNG,cases,1462249,1443554,1235844,1333205,1708217,1413497,1481681,1251261,1180316,1563409,1079284,899054,1232566,1420220,1613869,884727,1208966,1230223,1301773,1124906,1470120
CAF,cases,1608936,1615118,1651740,1703351,1767974,1796295,1812384,1814818,1806806,1776590,1735412,1704764,1675743,1651034,1618953,1556627,1516132,1510710,1515019,1532089,1622774
LBR,cases,1327183,1355119,1346747,1323979,1281411,1266314,1268595,1297717,1342709,1329712,1312930,1313721,1297478,1369073,1491246,1555896,1712073,1844663,1846848,1825088,1810880
TGO,cases,2195221,2237356,2309443,2418416,2546882,2588578,2567929,2502376,2305409,2096254,2045765,2089932,2311995,2553510,2605134,2581206,2405650,2106005,1932188,1852017,1894656
MOZ,cases,8615872,9145042,9390868,9338510,9000844,8507688,8339418,8293266,8448036,8599988,8749153,8901620,9125970,9365613,9357690,9404450,9505893,9399765,9298943,9230756,10007802
DOM,cases,1524,1315,1685,1983,3046,4950,4535,3478,2365,2115,3202,2088,1232,613,566,778,851,420,534,1592,1019
COL,cases,210720,333024,291432,254224,197464,166899,165418,173191,109966,110555,164564,90130,84176,72346,57024,84841,115550,80963,93827,119761,105995
HND,cases,51498,35405,25251,20706,25353,23468,17218,14962,11741,12900,13308,10269,8680,7231,4553,4792,5519,1706,933,444,1098
SLB,cases,254582,285929,280109,239181,337823,286015,281888,155491,93119,75305,91425,62676,52221,53689,30450,39811,84179,103587,86680,141111,114019
UGA,cases,11522961,12388974,12587470,12577824,12064883,12005292,12037459,12249023,12719269,13288506,13277279,13212603,13013284,11862873,10862413,9690714,11226154,12140161,11224558,11629246,12982097
GTM,cases,63676,42680,42213,36810,34124,46537,36610,17992,8421,8285,9468,7968,6262,7282,5764,6482,5857,4832,3541,2428,1241
MRT,cases,403918,429702,344961,339273,272001,254652,230502,227452,200705,105581,123045,162490,85009,94101,193411,249288,315084,237633,173555,127204,139446
SUR,cases,11361,16003,12837,10982,8378,9131,3289,1104,2086,2499,1771,795,569,729,401,81,76,19,29,95,147
ERI,cases,42048,54461,32823,49490,15093,27680,16438,37568,20767,27656,83471,76678,52483,49309,109689,64020,86561,115928,99716,200382,158889
BOL,cases,45647,22330,19768,27568,20206,27296,25742,19799,13210,13344,18659,9680,10048,10906,10994,9315,7510,6195,7239,12654,16506
VNM,cases,201414,185145,131451,96592,56559,40604,43620,28022,17911,22853,22959,20206,23838,20760,19060,11283,5024,5485,3777,3742,1657
BRA,cases,760760,467114,407200,465651,516739,658276,584183,534516,335694,328858,390023,284024,258095,197679,146599,164589,132022,220912,218813,178652,167097
GNB,cases,479861,406016,327275,246480,167413,127536,106558,106532,127914,159662,189755,199885,194666,184328,160854,136360,117007,104397,106349,121902,174987
BWA,cases,19146,7698,3663,1862,1217,1466,4801,1292,2457,2719,2229,682,304,724,2073,454,1315,2920,803,257,1759
PRK,cases,90582,115615,98852,16538,15827,6728,6913,4795,16611,14632,13520,16760,21850,14407,10535,7022,5033,4603,3698,1869,1819
STP,cases,31975,42086,50586,42656,46486,18139,5146,2421,6258,6182,2740,8442,12550,9243,1754,2056,2238,2239,2937,2732,1933
ECU,cases,104528,108903,86757,52065,28730,17050,9863,8194,4891,4126,1888,1218,544,368,242,618,1191,1275,1653,1803,1934
SLE,cases,2154734,2248700,2309209,2309575,2328946,2305873,2285588,2381690,2608564,2804315,2874660,2896554,2883917,2842351,2812427,2809720,2830700,2767811,2768412,2714910,2617968
KEN,cases,6929773,7938230,7543097,7255664,6345814,5000527,3896588,3085187,2639673,2567362,2690765,2844630,3050368,3247830,3303940,3292619,3235476,3140919,3070698,2967868,2738383
RWA,cases,1983730,1963986,1604762,1298588,1127711,1391517,1396850,840559,683661,1546660,1079765,390611,646386,1214623,2299121,3585563,4887836,8681013,6134659,4590903,2986047
NAM,cases,77821,102902,70395,67564,105493,65303,68176,20663,12094,8122,2590,3092,5467,7844,25780,15052,32052,89155,50217,5705,20258
GMB,cases,491730,491620,491827,492303,492874,493387,493699,493777,493650,493445,493286,473874,523991,574774,303721,450479,297058,148057,196018,109975,210897
BTN,cases,5935,5982,6511,3806,2670,1825,1868,793,329,1057,436,194,82,15,19,34,15,11,6,2,22
GUY,cases,33628,37974,30656,38681,40416,54583,27629,15697,16365,17877,29631,38863,43572,57459,22310,18030,19317,25167,30769,26307,22159
PAN,cases,1091,977,2363,4739,5365,3861,1751,1349,783,819,440,372,888,740,1005,575,809,801,789,1663,2306
VEN,cases,35517,23834,35029,37510,54984,52979,43638,48834,37482,41927,57905,53565,61850,92159,106079,159661,281897,482617,475212,467421,231743
SWZ,cases,792,1395,670,342,574,279,155,84,58,106,268,379,409,728,389,318,250,440,686,239,233
NPL,cases,47986,55778,85217,72856,34773,36030,35567,42145,31003,25643,30196,18512,13662,10164,4886,4370,3353,2690,2736,464,245
AFG,cases,1312939,1312939,1382972,1242906,716954,535477,418216,452626,402909,274981,292015,362319,220653,279634,319142,368235,733205,798871,633500,413480,253158
COD,cases,22117306,22753379,23456540,24401918,25538947,26389768,26813132,27125730,26880773,25851664,25174268,24413631,23848321,23298085,22683834,22550355,23438237,25087950,26975676,27831537,29036471
PER,cases,94271,105067,128960,111816,115387,108134,80054,62633,54608,52035,37847,30924,40437,62669,83936,116308,72836,72557,58455,45729,29745
SSD,cases,2276197,2303031,2251307,2211009,2212069,2304099,2413591,2490136,2561254,2615420,2716508,2859336,2910711,2958829,2916371,2903950,2887385,3030835,3059985,3111318,3211331
SDN,cases,2530343,2415378,1913290,1799707,1673082,1691441,1667898,1505216,1277316,1169924,1130637,1151087,1196758,1295289,1464903,1642188,2122267,2194802,2474192,2808157,3218465
TCD,cases,2206959,2303533,2085966,2117386,2136583,2228197,2336909,2419751,2513300,2672984,2760481,2660817,2559176,2489517,2550213,2646943,2775765,2915825,3155109,3205889,3351197
ZMB,cases,4136290,4321294,4075482,3923240,3485908,3064227,2708524,2418532,2217141,2183393,2292275,2531355,2898072,3397484,3577658,3482707,3370359,3122084,3103175,3114941,3435936
BDI,cases,3047638,3060075,2886631,2650702,2364479,2155222,1993096,1757387,1603138,1468145,1468912,1477281,1521970,1624753,1734733,1973819,2400698,2707373,3223461,3426146,3506219
MDG,cases,905987,1111496,898515,1180072,834134,662852,666523,442208,469371,882824,893540,823538,1594592,1497292,1078280,2345948,1408501,1934795,1848813,1915533,3695590
THA,cases,78561,63528,44555,37355,26690,29782,30294,33178,28569,29462,32480,24897,46895,41602,41218,8022,7428,5694,4077,3198,3007
NIC,cases,29953,13275,9745,8507,8735,8412,3943,1717,965,772,876,1171,1564,1471,1446,2886,7937,13866,20158,16717,33244
GNQ,cases,235276,245740,256076,269468,282782,297172,307995,317101,308886,295005,294885,306228,338449,374281,387205,389894,388740,373828,347938,333972,337892
MEX,cases,7390,4996,4624,3819,3406,2967,2514,2361,2357,2703,1226,1124,833,495,656,517,551,736,803,618,356
KOR,cases,4183,2556,1799,1171,864,1369,2051,2227,1063,898,1267,505,394,383,557,627,602,436,501,485,356
HTI,cases,72509,73751,74996,76247,77506,78775,81199,73292,89554,83939,85235,81483,65545,62551,33119,32185,36279,33122,16000,17703,38078
TLS,cases,126328,128735,104357,67524,234045,153748,164285,114693,134166,103246,102580,32765,7740,1692,568,110,112,22,0,0,4
IND,cases,19659998,20081581,18937732,20237386,22451735,24267362,19848564,19189779,20092638,20643216,20219804,17286688,13978446,10982324,11123516,11852773,12431896,9339370,6768155,5548478,4148253
GIN,cases,3667311,3726628,3658405,3539604,3310157,3130628,3102396,3203174,3468822,3832532,4145673,4395976,4577634,4517687,4447573,4369537,4235383,4268657,4335930,4187051,4196430
ETH,cases,10012002,10740816,9818962,10682423,11221054,7893191,7565788,6664422,5674236,7876855,9254141,9513941,11007934,12428044,10591119,9173386,6501344,4851370,2793314,2645193,4231328
MWI,cases,5164430,5318574,5130061,4780799,4549207,4587934,4541568,4650432,5022864,5379216,5516206,5460330,4929530,4547495,4265161,4032938,3868572,3851092,3782274,3835146,4370301
BEN,cases,2906648,3062820,3273171,3461238,3713286,3880119,3990012,4075243,4064889,3959981,3830368,3662477,3555478,3596818,3746939,4083754,4549900,4717923,4706391,4735800,4707522
PHL,cases,79974,56147,70585,100493,91225,83163,102993,112751,74621,58824,53512,23918,19171,17518,14318,27901,17313,16548,10900,13536,43023
ZAF,cases,18064,26506,15649,13459,13399,7755,12098,6327,7796,6072,8060,9866,6621,8645,11705,4959,4323,22517,9540,3096,4463
COM,cases,35309,35335,35347,35347,35342,35336,35332,35328,35325,35322,36538,24856,49840,53156,2203,1300,1143,3230,15186,17599,4546
GAB,cases,398161,386020,354240,305782,240402,197886,171998,161791,177824,224120,280006,338757,395572,438354,489638,494568,462369,452031,443712,448958,479563
GHA,cases,8390825,8296535,7919784,7696197,7493504,7338128,7340195,7545707,8063544,8695038,9211717,9551273,9516545,9086246,8460913,7681390,6763906,5850313,5111179,4911921,5060166
PAK,cases,929292,1037774,966325,924733,683580,845170,851104,835398,763800,1015691,1445704,1905938,1652576,1419230,1373352,992605,1000765,819944,705529,640380,542960
LAO,cases,89755,62084,50404,45710,40333,35002,48965,45688,41446,47466,43766,30366,79939,68570,87770,62489,26862,14609,15654,11590,5674
CMR,cases,6263468,6484711,6575562,6996994,7478042,7658081,7638072,7488144,6997342,6243010,5916662,5612172,5543813,5786535,5940368,6087831,6163766,6155492,6236858,6316506,6900814
NGA,cases,51119378,51130906,50530444,51659556,54284280,56627136,58577749,60355724,62075250,61757109,59162695,57063559,54860037,52935597,52452825,52990392,54658102,56872963,58570568,60378016,64677959
KHM,cases,669109,388681,349008,464899,403094,388706,437975,191165,214883,426267,353293,368041,260016,168806,240449,218837,124137,202696,272272,140077,69136
TZA,cases,11387493,11292969,10686866,10309562,9983978,9550230,8966193,8080394,7159787,6508624,6092023,5820349,5864639,6521880,7239731,7223235,6964441,6754419,6471822,6487332,7178459
MLI,cases,4446769,4592575,4837950,5078371,5310943,5509314,5356747,5307761,5349875,5461653,5772983,6279267,6961475,7448756,7468113,6833022,6902717,7160192,7378847,6559792,7238665
CIV,cases,8402895,8796365,9013441,9179349,9270982,8921724,8922496,9035145,9370105,9733759,9894039,9812222,8242023,6499239,6012351,5753943,5986942,6353352,6827252,7231163,7571801
NER,cases,4115946,4150655,3987705,3727026,3928085,4188975,4311636,4605268,5370546,6013190,6821838,7327134,7646932,7709350,7875100,8078973,8057065,7870403,7741136,7612769,7845520
DJI,cases,1832,1872,1907,1940,1970,2000,2029,2057,2084,2686,1010,2180,2217,1684,9439,9473,13822,14671,24845,49402,72332
BGD,cases,94432,96230,97997,99709,101332,102848,68539,126937,121043,80603,69307,63432,35375,31594,66274,45478,31621,33331,12397,21202,7545
YEM,cases,1054905,1177530,1307377,1188478,956179,1002795,1201845,852425,539905,701964,1131912,792771,860962,700432,587292,513816,661252,747173,871031,842059,780106
IDN,cases,1238663,1255726,1272887,1290172,1180838,1289533,1505353,1360826,1378954,1397405,2163008,1967619,1951821,1661300,1263267,1128930,1181016,808348,596956,659480,784854
BFA,cases,7002044,7189899,7324867,7404515,7328543,7165234,7164531,7500979,8163719,8660267,8915088,8959042,8851576,8317848,7879925,7671964,7134681,7095168,7292399,7439282,8150690
AGO,cases,5340066,5535342,5415619,5685269,5885039,6141449,6072435,5735024,5064933,4431095,4034069,3806828,3872052,4180694,4493340,4926711,5464271,6230177,6600911,7232418,8268572
MMR,cases,1356462,1371136,1384987,1397958,1410024,1421215,1017913,1283157,1573810,1492378,2017346,1326603,1754334,611838,383705,271877,162032,120755,108681,78640,82434
SOM,cases,1114212,1157164,1198956,1187649,1215543,1426667,1292397,1114252,719155,450388,526336,440754,454146,545556,640331,769171,794615,813032,772351,758855,829649
SAU,cases,6608,3074,2612,1724,1232,1059,1278,467,61,58,29,69,82,34,30,83,272,177,61,38,83
SEN,cases,3000479,2746324,2299641,2137402,1502581,1389197,1380317,1160145,628766,405713,766710,637322,713894,851522,546694,1010929,684131,805707,1047659,672221,836014
CRI,cases,1879,1363,1021,718,1289,3541,2903,1223,966,262,110,10,6,0,0,0,4,12,70,95,90
VUT,cases,23167,18702,36655,42687,40904,25624,22943,27312,26771,14887,20972,11631,8394,5326,2427,789,4177,2266,1167,1047,910
ALB,cases,null,null,null,null,null,null,null,null,null,null,null,null,null,null,null,null,null,null,null,null,0
DZA,cases,34,6,10,5,2,1,1,26,3,0,1,1,55,8,0,0,0,0,0,0,0
AND,cases,null,null,null,null,null,null,null,null,null,null,null,null,null,null,null,null,null,null,null,null,0
ATG,cases,null,null,null,null,null,null,null,null,null,null,null,null,null,null,null,null,null,null,null,null,0
ARG,cases,440,215,125,124,116,231,172,328,105,92,54,0,0,0,0,0,0,0,0,0,0
ARM,cases,141,79,52,29,47,7,0,0,0,0,0,0,0,0,0,0,0,0,0,0,0
AUS,cases,null,null,null,null,null,null,null,null,null,null,null,null,null,null,null,null,null,null,null,null,0
AUT,cases,null,null,null,null,null,null,null,null,null,null,null,null,null,null,null,null,null,null,null,null,0
AZE,cases,1526,1054,505,480,386,242,141,108,72,78,50,4,3,0,0,0,0,0,0,0,0
BHS,cases,null,null,null,null,null,null,null,null,null,null,null,null,null,null,null,null,null,null,null,null,0
BHR,cases,null,null,null,null,null,null,null,null,null,null,null,null,null,null,null,null,null,null,null,null,0
BRB,cases,null,null,null,null,null,null,null,null,null,null,null,null,null,null,null,null,null,null,null,null,0
BLR,cases,null,null,null,null,null,null,null,null,null,null,null,null,null,null,null,null,null,null,null,null,0
BEL,cases,null,null,null,null,null,null,null,null,null,null,null,null,null,null,null,null,null,null,null,null,0
BIH,cases,null,null,null,null,null,null,null,null,null,null,null,null,null,null,null,null,null,null,null,null,0
BRN,cases,null,null,null,null,null,null,null,null,null,null,null,null,null,null,null,null,null,null,null,null,0
BGR,cases,null,null,null,null,null,null,null,null,null,null,null,null,null,null,null,null,null,null,null,null,0
CAN,cases,null,null,null,null,null,null,null,null,null,null,null,null,null,null,null,null,null,null,null,null,0
CHL,cases,null,null,null,null,null,null,null,null,null,null,null,null,null,null,null,null,null,null,null,null,0
CHN,cases,8025,21237,25520,28491,27197,21936,35383,29304,16650,9287,4990,1308,244,83,53,39,1,0,0,0,0
COK,cases,null,null,null,null,null,null,null,null,null,null,null,null,null,null,null,null,null,null,null,null,0
HRV,cases,null,null,null,null,null,null,null,null,null,null,null,null,null,null,null,null,null,null,null,null,0
CUB,cases,null,null,null,null,null,null,null,null,null,null,null,null,null,null,null,null,null,null,null,null,0
CYP,cases,null,null,null,null,null,null,null,null,null,null,null,null,null,null,null,null,null,null,null,null,0
CZE,cases,null,null,null,null,null,null,null,null,null,null,null,null,null,null,null,null,null,null,null,null,0
DNK,cases,null,null,null,null,null,null,null,null,null,null,null,null,null,null,null,null,null,null,null,null,0
DMA,cases,null,null,null,null,null,null,null,null,null,null,null,null,null,null,null,null,null,null,null,null,0
EGY,cases,0,0,0,0,0,0,0,0,0,0,0,0,0,0,0,0,0,0,0,0,0
SLV,cases,753,362,117,85,112,67,49,40,33,21,17,7,13,6,6,5,12,0,0,0,0
EST,cases,null,null,null,null,null,null,null,null,null,null,null,null,null,null,null,null,null,null,null,null,0
FJI,cases,null,null,null,null,null,null,null,null,null,null,null,null,null,null,null,null,null,null,null,null,0
FIN,cases,null,null,null,null,null,null,null,null,null,null,null,null,null,null,null,null,null,null,null,null,0
FRA,cases,null,null,null,null,null,null,null,null,null,null,null,null,null,null,null,null,null,null,null,null,0
GEO,cases,245,438,474,316,257,155,59,24,6,1,0,0,0,0,0,0,0,0,0,0,0
DEU,cases,null,null,null,null,null,null,null,null,null,null,null,null,null,null,null,null,null,null,null,null,0
GRC,cases,null,null,null,null,null,null,null,null,null,null,null,null,null,null,null,null,null,null,null,null,0
GRD,cases,null,null,null,null,null,null,null,null,null,null,null,null,null,null,null,null,null,null,null,null,0
HUN,cases,null,null,null,null,null,null,null,null,null,null,null,null,null,null,null,null,null,null,null,null,0
ISL,cases,null,null,null,null,null,null,null,null,null,null,null,null,null,null,null,null,null,null,null,null,0
IRN,cases,19716,19303,15558,23562,13821,18966,15909,15712,8349,4345,1847,1632,756,479,358,167,81,57,0,0,0
IRQ,cases,1860,1265,952,347,155,47,24,3,6,0,0,0,0,0,0,0,0,0,0,0,0
IRL,cases,null,null,null,null,null,null,null,null,null,null,null,null,null,null,null,null,null,null,null,null,0
ISR,cases,null,null,null,null,null,null,null,null,null,null,null,null,null,null,null,null,null,null,null,null,0
ITA,cases,null,null,null,null,null,null,null,null,null,null,null,null,null,null,null,null,null,null,null,null,0
JAM,cases,null,null,null,null,null,null,null,null,null,null,null,null,null,null,null,null,null,null,null,null,0
JPN,cases,null,null,null,null,null,null,null,null,null,null,null,null,null,null,null,null,null,null,null,null,0
JOR,cases,null,null,null,null,null,null,null,null,null,null,null,null,null,null,null,null,null,null,null,null,0
KAZ,cases,0,0,0,0,0,0,0,0,0,0,0,0,0,0,0,0,0,0,0,0,0
KIR,cases,null,null,null,null,null,null,null,null,null,null,null,null,null,null,null,null,null,null,null,null,0
KWT,cases,null,null,null,null,null,null,null,null,null,null,null,null,null,null,null,null,null,null,null,null,0
KGZ,cases,7,15,2725,461,91,225,318,96,18,1,3,0,0,0,0,0,0,0,0,0,0
LVA,cases,null,null,null,null,null,null,null,null,null,null,null,null,null,null,null,null,null,null,null,null,0
LBN,cases,null,null,null,null,null,null,null,null,null,null,null,null,null,null,null,null,null,null,null,null,0
LSO,cases,null,null,null,null,null,null,null,null,null,null,null,null,null,null,null,null,null,null,null,null,0
LBY,cases,null,null,null,null,null,null,null,null,null,null,null,null,null,null,null,null,null,null,null,null,0
LTU,cases,null,null,null,null,null,null,null,null,null,null,null,null,null,null,null,null,null,null,null,null,0
LUX,cases,null,null,null,null,null,null,null,null,null,null,null,null,null,null,null,null,null,null,null,null,0
MYS,cases,12705,12780,11019,6338,6154,5569,5294,4048,6071,5955,5194,3954,3662,1028,596,242,266,85,0,0,0
MDV,cases,null,null,null,null,null,null,null,null,null,null,null,null,null,null,null,null,null,null,null,null,0
MLT,cases,null,null,null,null,null,null,null,null,null,null,null,null,null,null,null,null,null,null,null,null,0
MHL,cases,null,null,null,null,null,null,null,null,null,null,null,null,null,null,null,null,null,null,null,null,0
MUS,cases,null,null,null,null,null,null,null,null,null,null,null,null,null,null,null,null,null,null,null,null,0
FSM,cases,null,null,null,null,null,null,null,null,null,null,null,null,null,null,null,null,null,null,null,null,0
MCO,cases,null,null,null,null,null,null,null,null,null,null,null,null,null,null,null,null,null,null,null,null,0
MNG,cases,null,null,null,null,null,null,null,null,null,null,null,null,null,null,null,null,null,null,null,null,0
MNE,cases,null,null,null,null,null,null,null,null,null,null,null,null,null,null,null,null,null,null,null,null,0
MAR,cases,3,0,19,4,1,0,0,0,0,0,0,0,0,0,0,0,0,0,0,0,0
NRU,cases,null,null,null,null,null,null,null,null,null,null,null,null,null,null,null,null,null,null,null,null,0
NLD,cases,null,null,null,null,null,null,null,null,null,null,null,null,null,null,null,null,null,null,null,null,0
NZL,cases,null,null,null,null,null,null,null,null,null,null,null,null,null,null,null,null,null,null,null,null,0
NIU,cases,null,null,null,null,null,null,null,null,null,null,null,null,null,null,null,null,null,null,null,null,0
NOR,cases,null,null,null,null,null,null,null,null,null,null,null,null,null,null,null,null,null,null,null,null,0
OMN,cases,6,2,6,6,0,0,0,4,0,0,0,0,0,0,0,0,0,0,0,0,0
PLW,cases,null,null,null,null,null,null,null,null,null,null,null,null,null,null,null,null,null,null,null,null,0
PRY,cases,6853,2710,2778,1392,694,376,823,1341,341,80,20,1,0,0,0,0,0,0,0,0,0
POL,cases,null,null,null,null,null,null,null,null,null,null,null,null,null,null,null,null,null,null,null,null,0
PRT,cases,null,null,null,null,null,null,null,null,null,null,null,null,null,null,null,null,null,null,null,null,0
QAT,cases,null,null,null,null,null,null,null,null,null,null,null,null,null,null,null,null,null,null,null,null,0
MDA,cases,null,null,null,null,null,null,null,null,null,null,null,null,null,null,null,null,null,null,null,null,0
MKD,cases,null,null,null,null,null,null,null,null,null,null,null,null,null,null,null,null,null,null,null,null,0
ROU,cases,null,null,null,null,null,null,null,null,null,null,null,null,null,null,null,null,null,null,null,null,0
RUS,cases,null,null,null,null,null,null,null,null,null,null,null,null,null,null,null,null,null,null,null,null,0
KNA,cases,null,null,null,null,null,null,null,null,null,null,null,null,null,null,null,null,null,null,null,null,0
LCA,cases,null,null,null,null,null,null,null,null,null,null,null,null,null,null,null,null,null,null,null,null,0
VCT,cases,null,null,null,null,null,null,null,null,null,null,null,null,null,null,null,null,null,null,null,null,0
WSM,cases,null,null,null,null,null,null,null,null,null,null,null,null,null,null,null,null,null,null,null,null,0
SMR,cases,null,null,null,null,null,null,null,null,null,null,null,null,null,null,null,null,null,null,null,null,0
SRB,cases,null,null,null,null,null,null,null,null,null,null,null,null,null,null,null,null,null,null,null,null,0
SYC,cases,null,null,null,null,null,null,null,null,null,null,null,null,null,null,null,null,null,null,null,null,0
SGP,cases,null,null,null,null,null,null,null,null,null,null,null,null,null,null,null,null,null,null,null,null,0
SVK,cases,null,null,null,null,null,null,null,null,null,null,null,null,null,null,null,null,null,null,null,null,0
SVN,cases,null,null,null,null,null,null,null,null,null,null,null,null,null,null,null,null,null,null,null,null,0
ESP,cases,null,null,null,null,null,null,null,null,null,null,null,null,null,null,null,null,null,null,null,null,0
LKA,cases,210039,66522,41411,10510,3720,1640,591,198,649,531,684,124,23,0,0,0,0,0,0,0,0
SWE,cases,null,null,null,null,null,null,null,null,null,null,null,null,null,null,null,null,null,null,null,null,0
CHE,cases,null,null,null,null,null,null,null,null,null,null,null,null,null,null,null,null,null,null,null,null,0
SYR,cases,6,63,15,2,1,0,0,0,0,0,0,0,0,0,0,0,0,0,0,0,0
TJK,cases,19064,11387,6160,5428,3588,2309,1344,635,318,164,112,78,28,4,2,0,0,0,0,0,0
TON,cases,null,null,null,null,null,null,null,null,null,null,null,null,null,null,null,null,null,null,null,null,0
TTO,cases,null,null,null,null,null,null,null,null,null,null,null,null,null,null,null,null,null,null,null,null,0
TUN,cases,null,null,null,null,null,null,null,null,null,null,null,null,null,null,null,null,null,null,null,null,0
TUR,cases,11432,10812,10224,9222,5302,2084,796,313,166,38,0,0,0,0,0,0,0,0,0,0,0
TKM,cases,24,8,18,7,3,1,1,0,0,0,0,0,0,0,0,0,0,0,0,0,0
TUV,cases,null,null,null,null,null,null,null,null,null,null,null,null,null,null,null,null,null,null,null,null,0
UKR,cases,null,null,null,null,null,null,null,null,null,null,null,null,null,null,null,null,null,null,null,null,0
ARE,cases,0,0,0,0,0,0,0,0,0,0,0,0,0,0,0,0,0,0,0,0,0
GBR,cases,null,null,null,null,null,null,null,null,null,null,null,null,null,null,null,null,null,null,null,null,0
USA,cases,null,null,null,null,null,null,null,null,null,null,null,null,null,null,null,null,null,null,null,null,0
URY,cases,null,null,null,null,null,null,null,null,null,null,null,null,null,null,null,null,null,null,null,null,0
UZB,cases,126,77,74,74,66,102,73,30,7,0,3,0,0,0,0,0,0,0,0,0,0